LON,LAT,EDO,ESTACION,CLAVE,46023.0
-94.163333,17.571944,VER,"Tierra Morada, Ver.",TMOVC,605.0
-94.088889,17.873611,VER,"San José del Carmen, Ver.",JDCVC,504.5
-94.330833,18.109444,VER,"La Cangrejera, Ver.",LCAVC,381.5
-94.144444,18.141667,VER,"Agua Dulce, Ver.",AGDVC,375.0
-92.9375,17.566667,TAB,"Puyacatengo, Tab.",PUYTB,352.1
-93.150556,17.220556,CHIS,"Ocotepec, Chis.",OCOCP,330.7
-92.966667,17.566667,TAB,"Teapa, Tab.",TEATB,320.1
-93.085,17.561111,CHIS,"San Joaquín, Chis.",SJOCP,317.6
-92.75,17.380556,TAB,"Oxolotán, Tab.",OXOTB,315.1
-94.3775,18.103611,VER,"Planta de bombeo 3 de La Cangrejera, Ver.",PB3VC,305.0
-95.033333,18.516667,VER,"Sontecomapan, Ver.",SONVC,303.5
-94.4,18.1,VER,"Observatorio de Coatzacoalcos, Ver.",COTVC,294.2
-93.622778,18.175,TAB,"Poblado C11, Tab. SGT*",POBLADOC11,288.4
-93.427222,17.253611,CHIS,"Aza Pac, Chis. CFE*",AZAPACCFE,274.0
-93.383333,17.425,CHIS,"Sayula, Chis.",SAYCP,271.0
-92.35,17.566667,CHIS,"Salto de Agua, Chis.",SAACP,252.6
-94.406667,18.149722,VER,"Coatzacoalcos, Ver. SEMAR*",COATZACOALCOmar,249.2
-93.275556,17.996944,TAB,"Samaria, Tab.",SAMTB,246.8
-92.799722,17.270833,CHIS,"Zacatonal de Juárez, Chis. SGT*",ZACATONAL,246.2
-93.5375,17.283333,CHIS,"Tzimbac, Chis.",TZICP,242.7
-93.414167,17.231111,CHIS,"Tzimbac, Chis. CFE*",TZIMBACCFE,241.5
-92.778611,17.456944,TAB,"Tapijulapa, Tab.",TAPTB,231.7
-93.381389,17.364167,CHIS,"Túneles Juan de Grijalva, Chis. CFE*",JGRIJALVACFE,226.7
-93.381389,17.364167,CHIS,"Juan de Grijalva, Chis.",JDGCP,219.2
-92.086944,18.253056,CAMP,"Palizada, Camp.",PLZCA,217.0
-93.376389,18.001111,TAB,"Cárdenas, Tab.",CARTB,212.6
-93.458611,17.446111,CHIS,"Angel Albino Corzo, Chis.",PENCP,211.2
-93.342222,17.216667,CHIS,"Emiliano Zapata, Chis. CFE*",EZAPATACFE,189.6
-92.167222,18.100556,TAB,"Jonuta hidrométrica, Tab. SGT*",JONUTAHM,176.7
-92.820833,16.938889,CHIS,"Santa María, Chis.",SNACP,168.2
-96.833333,19.933333,VER,"Misantla, Ver.",MZNVC,160.4
-96.3,17.776389,OAX,"Valle Nacional, Oax.",VANOX,156.6
-92.879167,17.854167,TAB,"Pueblo Nuevo, Tab.",PNVTB,154.2
-96.533333,17.883333,OAX,"San Felipe Usila, Oax.",SFUOX,154.0
-93,17.975,TAB,"González, Tab.",GONTB,149.0
-96.777778,19.863889,VER,"Yecuatla, Ver.",YECVC,141.0
-95.93,17.15,OAX,"Zacatepec, Oax.",ZACOX,138.9
-92.814722,18.043611,TAB,"El Porvenir, Tab.",EPOTB,134.0
-96.916667,19.811111,VER,"Tenochtitlán, Ver.",TNCVC,132.0
-95.4375,18.583333,VER,"Angel Rosario Cabada, Ver.",ARCVC,127.7
-92.929444,17.98,TAB,"Observatorio de Villahermosa, Tab.",OBSTB,127.3
-92.646389,18.406389,TAB,"Pantanos de Centla, Tab. SMN*",PCENTLA,126.4
-97.516667,20.033333,PUE,"Cuetzalan del Progreso, Pue.",CTZPB,119.1
-96.435278,17.933056,OAX,"Usila CFE, Oax.",UCFOX,118.9
-92.731389,17.035556,CHIS,"San Pedro Nichtalucum, Chis. SGT*",SPNICHTALUCUM,117.0
-96.2,17.866667,OAX,"Jacatepec, Oax.",JACOX,113.0
-92.618056,16.963333,CHIS,"Chalchihuitán, Chis. SGT*",CHALCHIHUITAN,109.2
-95.416667,18.466667,VER,"Tres Zapotes, Ver.",TZAVC,105.8
-105.0475,23.899167,DGO,"Navíos Viejos, Dgo.",NAVDR,105.6
-97.048333,20.0675,VER,"Martínez de la Torre, Ver.",MDTVC,104.5
-86.820278,21.156667,QROO,"Cancún, Q. Roo.",CANQR,101.2
-93.330556,17.116667,CHIS,"Yamonhó, Chis.",YAMCP,99.9
-93.598889,17.178611,CHIS,"Nezahualcóyotl, Chis.",MALCP,98.1
-97.125278,18.579722,VER,"Tlaquilpa, Ver.",TLQVC,97.8
-88.703611,19.752222,QROO,"José María Morelos, Q. Roo. SMN*",JMORELOS,96.8
-106.7,25.35,DGO,"La Huerta, Dgo.",LHRDR,95.5
-110.290833,30.98,SON,"Cananea, Son.",CNNSO,94.4
-98.433333,16.683333,GRO,"Ometepec, Gro.",OMEGR,94.2
-106.770556,26.229444,CHIH,"Chinatú, Chih. SMN*",CHNCH,93.3
-97.881111,20.385833,PUE,"Avila Camacho, Pue.",AVCPB,90.5
-110.238611,30.598889,SON,"Bacanuchi, Son.",BCNSO,88.1
-111.445278,30.394722,SON,"Santa Rosa 2, Son.",SRSSO,88.0
-103.700833,19.408333,COL,"Suchitlán, Col.",SCHCM,86.5
-93.604722,17.199444,CHIS,"Malpaso, Chis. CFE*",MALPASOCFE,86.5
-108.927778,28.371389,SON,"Yécora, Son.",YCRSO,85.5
-95.916667,17.733333,OAX,"Río Manso Lalana, Oax.",RMLOX,85.1
-94.666667,17.95,VER,"Jaltipán, Ver.",JALVC,84.5
-98.500556,16.655833,GRO,"Quetzala, Gro.",QTZGR,82.7
-108.14,29.18,CHIH,"Ciudad Madera, Chih.",MDRCH,82.0
-92.874722,17.189444,CHIS,"Arroyo Grande, Chis. SGT*",ARROYOGRANDE,82.0
-110.593333,31.228333,SON,"Santa Cruz, Son.",SCZSO,81.0
-87.835556,18.28,QROO,"Arrecifes Xcalak, Q. Roo. SMN*",AXCALAK,79.6
-110.886944,30.761667,SON,"Imuris, Son.",IMRSO,78.2
-97.401667,20.116111,PUE,"Rancho Nuevo, Pue.",RNAPB,78.0
-92.6,17.766667,TAB,"Macuspana, Tab.",MACTB,78.0
-108.3,29.2,CHIH,"Guapoca, Chih.",GPCCH,77.1
-97.7925,20.004444,PUE,"Tepango de Rodríguez, Pue.",TDRPB,74.9
-106.952778,24.484722,SIN,"Santa Cruz, Sin.",SCRSI,74.8
-91.483333,17.433333,TAB,"Boca del Cerro, Tab.",BDCTB,73.7
-107.225,25.344444,SIN,"Guatenipa, Sin.",GTNSI,73.0
-97.2225,19.921944,VER,"Tomata, Ver.",TOMVC,72.7
-97.234722,19.7625,VER,"Altotonga, Ver.",ALTVC,71.7
-96.263611,17.999167,OAX,"Miguel de la Madrid Hurtado, Oax.",CDOOX,71.3
-94.771111,18.135278,VER,"Minzapan, Ver.",MNZVC,69.3
-96.979722,19.588611,VER,"Piletas, Ver.",PILVC,68.9
-105.219722,25.575556,DGO,"Indé, Dgo.",INDDR,68.0
-97.725,16.102778,OAX,"Río Verde, Oax.",RVEOX,66.0
-91.761389,18.654167,CAMP,"El Carmen, Camp.",CARCA,64.1
-108.876667,27.411944,SON,"San Bernardo, Son.",SBNSO,64.0
-108.860833,27.421667,SON,"Bicentenario, Son.",BICSO,64.0
-96.978333,20.051944,VER,"Libertad, Ver.",LIBVC,63.7
-108.937778,27.021667,SON,"Álamos, Son.",ALMSO,62.8
-108.092778,29.251944,CHIH,"Peńitas, Chih.",C08219,61.5
-99.935833,18.931389,MEX,"Texcaltitlán, Méx.",TESMX,61.3
-107.466667,25.033333,SIN,"Andrew Weiss, Sin.",AWSSI,60.5
-90.105556,20.184167,CAMP,"Hecelchakán, Camp.",HECCA,60.0
-95.483333,17.45,OAX,"María Lombardo, Oax.",MAROX,59.6
-107.072222,26.816667,CHIH,"Guachochi, Chih. SMN*",GCCCH,59.4
-105.466111,24.185833,DGO,"Las Vegas, Dgo. SMN*",LVEDR,59.0
-109.106667,27.226111,SON,"Adolfo Ruiz Cortines, Son.",ARCSO,58.5
-109.642222,28.976667,SON,"Plutarco Elías Calles, Son.",PECSO,58.5
-96.966667,19.45,VER,"Tapachapan, Ver.",TAPVC,57.2
-110.1675,30.335833,SON,"Arizpe, Son.",ARZSO,57.1
-109.088611,30.07,SON,"Aribabi, Son.",ARISO,55.3
-107.072778,26.813056,CHIH,"Guerachi, Chih.",GRCCH,54.7
-107.5375,25.333333,SIN,"Badiraguato, Sin.",BDRSI,54.5
-95.212778,18.450833,VER,"San Andrés Tuxtla AC, Ver.",STXVC,53.9
-97.359722,19.815278,PUE,"Teziutlán, Pue.",TEZPB,53.5
-96.950833,19.181667,VER,"Huatusco, Ver.",HTSVC,53.2
-101.724444,20.127222,MICH,"Melchor Ocampo, Mich.",MOCMC,53.0
-98.045,20.8325,VER,"Milcahual, Ver.",MILVC,52.6
-96.849722,18.405,PUE,"Tlacotepec de Díaz, Pue.",TLPPB,52.5
-96.950278,19.233611,VER,"Totutla, Ver.",TOTVC,52.4
-102.601944,19.958333,MICH,"Jaripo, Mich.",JARMC,52.1
-91.158333,17.791667,TAB,"San Pedro, Tab.",SPTTB,52.1
-97.691111,20.274722,VER,"Macedonio Alonso, Ver.",MACVC,52.0
-100.55,19.7,MICH,"Ciudad Hidalgo, Mich.",CHIMC,52.0
-102.541389,19.979167,MICH,"Guaracha, Mich.",GUAMC,52.0
-107.4,24.816667,SIN,"Culiacán, Sin.",CLCSI,51.8
-96.55,18.05,OAX,"Santo Domingo, Oax.",STDOX,51.5
-107.843333,25.485556,SIN,"San Juan, Sin. SMN*",SANJUAN,50.8
-107.8425,25.486667,SIN,"San Juan, Sin.",SJNSI,50.5
-97.446667,19.960833,PUE,"La Soledad, Pue.",SOLPB,50.1
-104.656667,24.203889,DGO,"Peńa del Aguila, Dgo.",PAGDR,50.1
-89.081667,20.463056,YUC,"Cantamayec, Yuc.",CANYC,50.0
-97.1,19.65,VER,"Las Vigas de Ramírez, Ver.",LVRVC,50.0
-96.9975,18.897778,VER,"Fortín, Ver.",FORVC,49.3
-101.626667,20.248889,MICH,"Los Angeles, Mich.",LANMC,49.0
-97.021111,19.603611,VER,"La Joya, Ver.",JOYVC,48.7
-107.633333,27.75,CHIH,"Creel, Chih.",CRLCH,48.7
-106.390278,26.473333,CHIH,"El Vergel, Chih. SMN*",ELVERGELSMN,48.6
-91.535,17.756667,TAB,"Balancán, Tab. SGT*",BALANCANHM,48.5
-96.861389,18.483611,PUE,"Tepeyac, Pue.",TYAPB,48.3
-97.011389,18.332222,PUE,"Zoquitlán, Pue.",ZOQPB,48.0
-107.911944,25.855278,SIN,"Bacurato hidrométrica de Gustavo Diaz Ordáz, Sin.",GD2SI,48.0
-107.723611,27.033611,CHIH,"Batopilas, Chih.",BTPCH,47.7
-107.383333,25.090278,SIN,"El Varejonal hidrométrica, Sin.",AL2SI,47.5
-110.570556,29.707778,SON,"Rayón, Son.",RAYSO,46.6
-109,25.8,SIN,"Los Mochis, Sin.",MCHSI,46.2
-104.782778,24.518333,DGO,"Canatlán, Dgo.",CNTDR,46.2
-95.133333,17.883333,VER,"San Juan Evangelista, Ver.",SJEVC,45.7
-109.2125,27.658333,SON,"Tesocoma, Son.",TSOSO,45.5
-89.743889,20.003889,CAMP,"Bolonchen, Camp.",BOLCA,45.1
-103.722222,19.226389,COL,"Observatorio de Colima, Col.",CMDCM,44.9
-96.933333,19.483333,VER,"Briones, Ver.",BRIVC,44.8
-86.775833,21.074444,QROO,"Cancún Radar, Q. Roo. SMN*",CNCQR,44.8
-109.233333,29.2,SON,"El Cubil, Son.",ECBSO,44.5
-98.050833,20.176389,PUE,"Huauchinango, Pue.",HUAPB,44.5
-109.183333,25.916667,SIN,"Ahome, Sin.",AHMSI,44.5
-95.183333,18.45,VER,"Sihuapán, Ver.",SIHVC,44.2
-96.843889,19.695833,VER,"Acatlán, Ver.",ACAVC,44.0
-105.952222,25.934444,DGO,"Guanaceví, Dgo.",GNCDR,44.0
-96.944444,19.588889,VER,"Banderilla, Ver.",BANVC,44.0
-109.301111,25.966111,SIN,"Higuera de Zaragoza, Sin.",HDZSI,43.6
-96.97,19.55,VER,"Otilpan, Ver.",OTIVC,43.0
-105.786944,25.7675,DGO,"El Zape, Dgo.",ZPEDR,43.0
-108.7625,26.603611,SON,"Cazanate, Son.",CZNSO,42.5
-109.932222,27.3725,SON,"Observatorio Cd. Obregón, Son.",OBOSO,42.2
-110.8,27.95,SON,"Observatorio de Empalme, Son.",EPLSO,42.1
-110.226111,29.825,SON,"Aconchi, Son.",ACNSO,42.0
-104.810278,24.538333,DGO,"Caboraca, Dgo.",CBRDR,42.0
-98.483333,20.533333,VER,"Huayacocotla, Ver.",HUYVC,42.0
-97.2175,21.471667,VER,"Isla Lobos, Ver. SEMAR*",ISLALOBOSmar,41.6
-97.585,19.859722,PUE,"Zacapoaxtla, Pue.",ZCPPB,41.5
-106.400278,31.736667,CHIH,"Ciudad Juárez, Chih.",CJZCH,41.0
-101.199444,20.565833,GTO,"Salamanca, Gto.",SLMGJ,40.8
-97.956944,20.277222,PUE,"Xicotepec de Juárez, Pue.",XDJPB,40.5
-109.931944,27.496389,SON,"Ciudad Obregón, Son.",COBSO,40.5
-97.205556,20.133889,PUE,"San José Acateno, Pue.",SJAPB,40.1
-110.947222,31.318889,SON,"Nogales, Son.",NGLSO,39.4
-108.7025,26.426944,SIN,"Josefa Ortiz de Domínguez, Sin.",JORSI,39.0
-110.913889,31.297778,SON,"Nogales, Son. SMN*",NOGALES,39.0
-104.928889,26.2425,DGO,"Villa Hidalgo, Dgo.",VHGDR,38.5
-102.004444,20.354444,MICH,"La Piedad, Mich.",LPDMC,38.2
-96.950833,19.5625,VER,"Xalapa Plan de Ayala PC, Ver.",XAYVC,38.2
-97.316667,20.45,VER,"Papantla, Ver.",PPNVC,38.0
-109.333333,26.1,SIN,"El Carrizo, Sin.",CRRSI,38.0
-109.625,27.416667,SON,"Cocoraque, Son.",CCRSO,38.0
-106.9,23.916667,SIN,"La Cruz, Sin.",LCRSI,38.0
-100.551111,25.028333,NL,"San Rafael, N.L.",SRANL,38.0
-107.9125,27.216667,CHIH,"Urique, Chih.",URECH,38.0
-106.807222,24.571667,SIN,"José López Portillo, Sin.",JLPSI,38.0
-99.210278,19.218611,DF,"Ajusco, Cd. de Méx.",AJSDF,37.8
-96.795278,18.888056,VER,"Potrero Nuevo, Ver.",PTNVC,37.7
-96.994444,19.332778,VER,"Cosautlán de Carvajal, Ver.",CDCVC,37.1
-109.443333,27.071944,SON,"Navojoa, Son.",NVJSO,37.0
-101.389444,24.621389,ZAC,"Concepción del Oro, Zac.",CORZC,37.0
-98.059444,19.092778,PUE,"Capulac, Pue.",CPLPB,37.0
-109.887778,27.75,SON,"Agua Caliente, Son.",AGCSO,37.0
-104.370278,19.976111,JAL,"Ramón Corona Madrigal General, Jal.",TMLJL,36.9
-99.683333,19.116667,MEX,"Nevado de Toluca, Méx. SMN*",NEVMX,36.8
-98.411944,16.47,GRO,"Cuajinicuilapa, Gro.",CNLGR,36.7
-111.516389,30.873333,SON,"Cuauhtémoc, Son.",CHTSO,36.0
-104.59,20.252222,JAL,"El Rodeo, Jal.",RODJL,36.0
-109.8925,27.8225,SON,"Alvaro Obregón, Son.",AOBSO,36.0
-101.99,20.231389,MICH,"Adjuntas, Mich.",ADUMC,35.7
-96.939444,19.453889,VER,"Coatepec, Ver.",COAVC,35.5
-97.486389,19.952778,PUE,"Sontalalco CFE, Pue.",STLPB,35.3
-109.998611,23.555556,BCS,"Sierra La Laguna, B.C.S. SMN*",SLAGUNA,35.2
-88.045,19.575556,QROO,"Observatorio de Felipe Carrillo Puerto, Q. Roo.",FCRQR,35.0
-102.733889,23.602222,ZAC,"Cańitas de Felipe Pescador, Zac",CFPZC,34.9
-98.348056,21.019444,HGO,"Atlapexco, Hgo.",ATCHD,34.5
-117.071389,32.3775,BC,"Playa Rosarito, B.C. SMN*",PLAYAROSARITO,34.4
-98.050833,20.176389,PUE,"Universidad de la Sierra, Pue.",UDSPB,34.3
-101.861667,20.207222,MICH,"Corrales, Mich.",CORMC,34.1
-116.603333,31.891667,BC,"Presa Emilio López Zamora, B.C. SMN*",PLOPEZZAMORA,34.0
-109.025,26.423889,SON,"Estación Don, Son.",EDNSO,34.0
-110.85,27.95,SON,"Guaymas, Son.",GYMSO,33.9
-108.616667,26.433333,SIN,"El Fuerte, Sin.",EFTSI,33.7
-111.021389,30.050556,SON,"Querobabi, Son.",QRBSO,33.5
-97.478333,20.540833,VER,"Poza Rica, Ver.",PRCVC,33.5
-108.58,26.509722,SIN,"Miguel Hidalgo, Sin.",PMHSI,33.0
-108.367778,26.844722,SIN,"Luis Donaldo Colosio, Sin.",LDCSI,33.0
-108.35,26.904167,SIN,"Huites hidrométrica, Sin.",LD2SI,33.0
-108.541667,27.416667,CHIH,"Chínipas, Chih.",CNDCH,32.6
-87.077778,20.634444,QROO,"Playa del Carmen, Q. Roo.",PDCQR,32.6
-103.757222,19.3175,COL,"Comala, Col.",CMLCM,32.5
-109.841944,27.125556,SON,"Villa Juárez, Son.",VJZSO,32.5
-97.616667,19.25,PUE,"Quimixtlán, Pue.",QUIPB,32.5
-110.916667,29.066667,SON,"Observatorio de Hermosillo, Son.",HM2SO,32.4
-99.866667,19.783333,MEX,"Atlacomulco Prepa., Méx.",ATPMX,32.1
-105.560833,26.436667,DGO,"San Gabriel, Dgo.",SGBDR,32.0
-105.506111,26.447778,DGO,"Villa Ocampo, Dgo.",VOCDR,32.0
-109.925833,22.8975,BCS,"Cabo San Lucas, B.C.S.",CSLBS,32.0
-111.663611,25.009722,BCS,"Observatorio de Ciudad Constitución, B.C.S.",CCNBS,32.0
-96.158333,19.068889,VER,"El Tejar, Ver.",ETEVC,31.6
-110.059167,23.805,BCS,"San Antonio Sur, B.C.S.",SANBS,31.2
-108.091667,25.469444,SIN,"Guamúchil, Sin.",GMCSI,31.1
-102.265278,19.973611,MICH,"Chaparaco, Mich.",CHAMC,31.1
-102.040833,22.673056,ZAC,"El Saladillo, Zac.",ELSZC,31.0
-101.536667,20.446944,GTO,"Abasolo, Gto.",ABSGJ,31.0
-98.416667,21.15,HGO,"Huejutla, Hgo.",HJTHD,31.0
-97.832778,20.178611,PUE,"Zaragoza, Pue.",ZRGPB,31.0
-102.284167,20.006667,MICH,"Observatorio de Zamora, Mich.",ZAMMC,30.8
-109.5,29.534722,SON,"Tepache, Son.",TPCSO,30.7
-97.503333,19.961389,PUE,"Buenos Aires CFE, Pue.",BAIPB,30.5
-110.308333,28.472222,SON,"Punta de Agua 2, Son.",PTASO,30.4
-102.890833,23.173889,ZAC,"Fresnillo, Zac.",FREZC,30.2
-107.440556,24.634722,SIN,"Observatorio de Culiacán, Sin.",OBSSI,30.2
-108.3275,26.103056,SIN,"Ing. Guillermo Blake Aguilar, Sin.",GBESI,30.0
-108.316667,26.083333,SIN,"El Sabinal hidrométrica, Sin.",GB2SI,30.0
-110.239167,28.713333,SON,"San José de Pimas, Son.",SJPSO,30.0
-103.590833,19.592222,JAL,"Nevado de Colima, Jal. SMN*",NEVADOCOLIMA,30.0
-107.059722,24.7475,SIN,"Vinoramas, Sin.",VINSI,30.0
-110.396944,28.426389,SON,"Ignacio R. Alatorre, Son.",IRASO,29.7
-96.781389,18.360278,PUE,"Naranjastitla, Pue.",NARPB,29.7
-104.480833,24.945,DGO,"El Cuarto, Dgo.",CTODR,29.6
-103.283889,25.068056,COAH,"La Flor, Coah.",LFLDR,29.5
-101.461389,20.324167,MICH,"Casa Blanca, Mich.",CBLMC,29.5
-111.834444,30.714444,SON,"Observatorio de Altar, Son.",ALTSO,29.0
-97.876111,22.238333,TAMPS,"Sistema Lagunario del Río Tamesí, Tamps.",TMPTP,29.0
-95.033333,17.433333,VER,"Jesús Carranza, Ver.",JCRVC,29.0
-107.059444,24.753611,SIN,"Juan Guerrero Alcocer, Sin.",JGRSI,29.0
-108.065556,25.484722,SIN,"Lic. Eustaquio Buelna, Sin.",EBLSI,28.7
-99.559722,19.884722,MEX,"Danxho, Méx.",DNXMX,28.5
-110.925833,29.073056,SON,"Hermosillo, Son.",HMNSO,28.5
-101.85,21.35,JAL,"La Sauceda, Jal.",SAUJL,28.4
-101.835556,21.359167,JAL,"La Sauceda, Jal.",SA1JL,28.4
-102.660556,22.996944,ZAC,"Llano Blanco, Zac.",LLBZC,28.1
-88.459444,18.572222,QROO,"Instituto Nacional de Innovación Agraria, Q. Roo.",INIQR,28.1
-110.366667,24.15,BCS,"Observatorio de La Paz, B.C.S.",LPZBS,28.1
-103.866389,19.17,COL,"La Esperanza, Col.",LAECM,28.1
-108.466667,25.716667,SIN,"Guasave, Sin.",GSVSI,28.0
-113.550833,31.352778,SON,"Observatorio de Puerto Peńasco, Son.",PT2SO,28.0
-103.702778,19.295,COL,"El Chanal, Col.",CHNCM,28.0
-93.474444,17.463611,CHIS,"Peńitas, Chis. SGT*",PENITAS,27.8
-96.929167,19.511944,VER,"Xalapa Base PC, Ver.",XBSVC,27.8
-96.935278,19.529167,VER,"Xalapa IMAC PC, Ver.",XIMVC,27.8
-109.083333,29.433333,SON,"Paso Nácori, Son.",PDNSO,27.6
-91.729722,16.909167,CHIS,"Yaquintela, Chis. SGT*",YAQUINTELA,27.6
-87.486111,21.101944,QROO,"Kantunilkín, Q. Roo. SMN*",KANTUNILKIN,27.6
-103.663333,19.2775,COL,"Trapiche, Col.",TRPCM,27.5
-103.884444,19.111389,COL,"P. deriv. Gregorio T. Q. Jala, Col.",DJLCM,27.4
-99.799167,19.343056,MEX,"Tres Barrancas, Méx.",TBRMX,27.3
-110.736389,29.472222,SON,"El Cajón, Son.",CJNSO,27.3
-100.055556,19.461667,MEX,"Villa Victoria, Méx.",VVCMX,27.0
-104.75,23.516667,DGO,"Las Bayas, Dgo.",LBYDR,27.0
-101.35,20.683333,GTO,"Irapuato, Gto.",IRPGJ,26.8
-102.566944,22.778889,ZAC,"Observatorio de Zacatecas, Zac.",LBUZC,26.8
-101.666667,20.616667,GTO,"Cuerámaro, Gto.",CRMGJ,26.7
-92.808056,15.656667,CHIS,"El Triunfo, Chis. SMN*",ELTRIUNFO,26.6
-95.35,18.25,VER,"Lauchapan, Ver.",LAUVC,26.5
-92.575,15.204167,CHIS,"Despoblado, Chis.",DESCP,26.5
-89.558056,20.397778,YUC,"Ticul, Yuc.",TICYC,26.5
-96.966667,19.383333,VER,"Teocelo, Ver.",TCOVC,26.4
-103.725556,18.758611,COL,"Cerro de Ortega, Col.",CDOCM,26.3
-103.382778,22.845278,ZAC,"Manuel Felgueres, Zac.",LOBZC,26.0
-99.864444,20.038611,MEX,"Ńadó, Méx.",PNDMX,26.0
-96.85,19.55,VER,"Xalapa CFE, Ver.",XCFVC,25.8
-108.931667,30.355278,SON,"Bacerac, Son.",BCRSO,25.8
-97.926944,22.386111,TAMPS,"Bombas Altamira, Tamps.",BALTP,25.8
-100.406389,19.838056,MICH,"Laguna del Fresno, Mich.",LDFMC,25.6
-103.698889,24.871944,DGO,"Cuencamé, Dgo.",CNCDR,25.5
-104.494722,26.226944,DGO,"El Derrame, Dgo.",DERDR,25.5
-110.289722,27.643611,SON,"Vícam, Son.",VCMSO,25.5
-99.961389,19.660833,MEX,"San Andrés Tepetitlán, Méx.",TPTMX,25.2
-116.6025,31.890278,BC,"Emilio López Zamora, B.C.",ELZBN,25.2
-104.054444,23.623056,DGO,"Santa Elena, Dgo.",SELDR,25.0
-101.044167,19.826944,MICH,"Planta de bombeo, Mich.",PDBMC,25.0
-114.733611,18.348611,COL,"Isla Clarión, Col. SEMAR*",ICLARIONmar,24.9
-98.617222,21.692778,SLP,"San Vicente, S.L.P.",SVTSL,24.8
-106.595833,23.955556,SIN,"Ixpalino, Sin.",IXPSI,24.7
-104.6,24.1,DGO,"Observatorio de Durango, Dgo.",OBSDR,24.6
-97.039444,18.845556,VER,"Presa Tuxpango, Ver. SMN*",PTUXPANGO,24.4
-96.942222,19.550556,VER,"Xalapa Seminario PC, Ver.",XSMVC,24.4
-88.204167,20.69,YUC,"Observatorio de Valladolid, Yuc.",VALYC,24.3
-96.1,17.016667,OAX,"Ayutla, Oax.",AYUOX,24.2
-104.780833,20.479722,JAL,"Corrinchis, Jal.",CRNJL,23.8
-96.872222,19.65,VER,"Naolinco, Ver.",NAOVC,23.7
-97.845,20.406944,PUE,"Apapantilla, Pue.",APAPB,23.6
-99.235278,19.203333,DF,"Ajusco Alta Tensión, Cd. de Méx. SEGIAGUA*",AJUSCOALTATEN,23.5
-95.556944,18.270556,VER,"Garro, Ver.",GARVC,23.2
-90.221389,19.605833,CAMP,"Noh Yaxché, Camp.",NYXCA,23.2
-103.603056,22.687222,ZAC,"La Florida, Zac.",LFLZC,23.0
-107.6975,28.759722,CHIH,"Tejolocachi, Chih.",C08243,23.0
-99.704722,19.465833,MEX,"José Antonio Alzate, Méx.",SBBMX,23.0
-101.625556,20.499167,GTO,"Agua Tibia, Gto.",ATBGJ,23.0
-104.05,20.55,JAL,"Río Ameca, Jal.",RAMJL,22.9
-97.1,18.85,VER,"Observatorio de Orizaba, Ver.",ORZVC,22.8
-86.946111,20.51,QROO,"Cozumel, Q. Roo.",COZQR,22.8
-103.216944,23.18,ZAC,"Gobernador Leobardo Reynoso, Zac.",LREZC,22.4
-116.908333,32.444722,BC,"Abelardo L. Rodríguez, B.C.",ALRBN,22.4
-100.080278,20.418611,QRO,"Constitución de 1917, Qro.",CNSQT,22.4
-97.953333,23.166389,TAMPS,"La Esperanza, Tamps.",LAETP,22.3
-88.930833,20.1325,YUC,"Peto, Yuc.",PETYC,22.0
-103.85,25.816667,DGO,"Mapimí, Dgo.",MPMDR,22.0
-106.466667,23.5625,SIN,"Quelite, Sin.",QLTSI,22.0
-111.983056,26.896111,BCS,"Mulegé, B.C.S.",MLGBS,22.0
-105.85,22.983333,SIN,"Rosario, Sin.",RSRSI,22.0
-115.921667,32.042222,BC,"Constitución de 1857, B.C. SMN*",CONST1857,22.0
-89.653889,21.275833,YUC,"Observatorio de Progreso, Yuc.",PROYC,21.8
-103.361667,20.583889,JAL,"PIAE Toluquilla, Jal.",PITJL,21.8
-101.7425,20.439167,GTO,"La Golondrina, Gto.",GLNGJ,21.6
-111.349167,26.011667,BCS,"Observatorio de Loreto, B.C.S.",LRTBS,21.6
-107.158333,24.813889,SIN,"Sanalona hidrométrica, Sin.",SN2SI,21.6
-105.443056,25.225,DGO,"Salomé Acosta, Dgo.",SACDR,21.5
-103.845833,20.596389,JAL,"Ing. Santiago Camarena, Jal.",VEGJL,21.5
-99.245833,19.274167,DF,"Zacatón, Cd. de Méx. SEGIAGUA*",ZACATON,21.5
-104.100556,18.938611,COL,"Radar, Col.",RDRCM,21.4
-116.204167,32.271944,BC,"Agua Hechicera, B.C.",AGHBN,21.4
-92.715556,16.578056,CHIS,"Villa de Chiapilla, Chis. SGT*",CHIAPILLA,21.4
-116.696944,32.479444,BC,"El Carrizo, B.C.",CRRBN,21.3
-91.046111,18.183056,CAMP,"Candelaria, Camp.",CNDCA,21.3
-108.535556,27.392222,CHIH,"Chínipas, Chih. SMN*",CHICH,21.3
-116.205556,32.272222,BC,"La Rumorosa, B.C. SMN*",RUMOROSA,21.3
-102.585556,22.765,ZAC,"Zacatecas, Zac.",ZACZC,21.1
-102.786389,21.560556,ZAC,"Tlalchichila, Zac.",TLAZC,21.1
-102.506667,22.745556,ZAC,"Guadalupe, Zac.",GPEZC,21.0
-96.111111,19.154167,VER,"Observatorio de Veracruz, Ver.",VERVC,21.0
-97.533333,19.7,PUE,"Oyameles, Pue.",OYAPB,21.0
-108.779167,26.073611,SIN,"Sufragio, Sin.",SFRSI,21.0
-116.64,31.704444,BC,"Punta Banda, B.C.",PTBBN,21.0
-98.002222,20.001667,PUE,"Necaxa, Pue. FENIX*",NECAXA,20.9
-98.128333,20.135556,HGO,"La Laguna, Hgo.",LLAHD,20.8
-106.25,23.35,SIN,"Siqueros, Sin.",SQRSI,20.6
-106.486111,28.803333,CHIH,"Cumbres de Majalca, Chih. SMN*",MAJALCA,20.6
-101.054444,17.376944,GRO,"Coyuquilla, Gro.",CYQGR,20.5
-98.459167,21.773611,VER,"El Higo, Ver.",HGOVC,20.5
-97.9475,20.21,PUE,"Tepexic, Pue.",TEPPB,20.5
-89.848333,19.751944,CAMP,"Hopelchen, Camp.",HPOCA,20.3
-90.575556,19.295,CAMP,"Canasayab, Camp.",CANCA,20.3
-88.3275,18.500556,QROO,"Observatorio de Chetumal, Q. Roo.",CHOQR,20.2
-100.054722,19.0475,MEX,"Temascaltepec, Méx.",TMSMX,20.2
-106.4,23.233333,SIN,"Observatorio de Mazatlán, Sin.",MZTSI,20.1
-107.151389,24.815,SIN,"Sanalona, Sin.",SNLSI,20.1
-105.16,26.738611,CHIH,"Villa Coronado, Chih.",VICCH,20.1
-100.883611,20.398333,GTO,"Presa la Gavia, Gto.",LGVGJ,20.0
-97.691111,19.457222,PUE,"Libres, Pue.",LIBPB,20.0
-110.210556,23.478889,BCS,"Todos Santos, B.C.S.",TSNBS,20.0
-97.675833,20.510278,PUE,"Venustiano Carranza, Pue.",VENPB,20.0
-116.661667,32.568611,BC,"Tecate, B.C. SMN*",TECATE,20.0
-115.1875,28.034444,BC,"Isla Cedros, B.C. SEMAR*",ISLACEDROSmar,19.8
-108.427222,30.838889,CHIH,"Janos, Chih. SMN*",JANOS,19.8
-96.918611,19.576111,VER,"Xalapa Naranjal PC, Ver.",XNAVC,19.8
-103.108889,22.923611,ZAC,"Santa Rosa, Zac.",STRZC,19.6
-105.015833,25.594167,DGO,"Lázaro Cárdenas, Dgo.",LCRDR,19.4
-95.295833,18.144444,VER,"Cuatotolapan, Ver.",CTTVC,19.3
-101.111389,20.5225,GTO,"Pericos, Gto.",PERGJ,19.2
-100.920833,25.436111,COAH,"Secretaría de Agricultura Saltillo, Coah.",ESLCL,19.2
-97.805833,19.829444,PUE,"Tetela de Ocampo, Pue.",TEOPB,19.1
-103.521667,25.533333,DGO,"Ciudad Lerdo, Dgo.",CLRDR,19.1
-103.8125,19.3275,COL,"P. deriv. Peńitas, Col.",PNTCM,19.0
-104.768611,24.978611,DGO,"Coneto de Comonfort, Dgo.",CDCDR,19.0
-102.651389,19.839444,MICH,"San Juanico, Mich.",SJUMC,19.0
-101.358889,20.276111,GTO,"Las Jícamas, Gto.",LJIGJ,19.0
-98.049722,19.743333,PUE,"Chignahuapan, Pue.",CNGPB,18.9
-105.003611,25.614444,DGO,"Palmito hidrométrica de Lázaro Cárdenas, Dgo.",PALDR,18.9
-101.370833,20.712778,GTO,"Arandas, Gto.",ANSGJ,18.9
-97.991944,23.259444,TAMPS,"República Espańola, Tamps.",RSPTP,18.9
-101.37,20.715833,GTO,"El Conejo, Gto.",ECNGJ,18.9
-98.6,21.166667,HGO,"San Felipe Orizatlán, Hgo.",ORZHD,18.7
-103.441667,26.1125,DGO,"Tlahualilo, Dgo.",THODR,18.6
-104.753056,23.961111,DGO,"Presidente Guadalupe Victoria, Dgo.",GVCDR,18.6
-100.075833,19.383333,MEX,"Los Berros, Méx.",LBEMX,18.5
-99.250833,19.633333,MEX,"Lago de Guadalupe, Méx. SEGIAGUA*",LDEGUADALUPE,18.5
-112.85,31.866667,SON,"Sonoyta, Son.",NYNSO,18.3
-101.996667,20.800556,GTO,"Frías, Gto. Protección Civil*",FRIAS,18.3
-99.233056,19.187778,DF,"Planta Abasolo (Mezontepec), Cd. de Méx.",MZTDF,18.3
-105.846944,23.088333,SIN,"Las Tortugas, Sin.",TORSI,18.2
-104.121111,24.4375,DGO,"Ciudad Guadalupe Victoria, Dgo.",CGVDR,18.2
-96.916111,19.536944,VER,"Xalapa Constituyentes PC, Ver.",XCNVC,18.2
-114.719167,29.727222,BC,"Catavińa, B.C. SMN*",CATAVINA,18.2
-100.684167,19.621389,MICH,"Pucuato, Mich.",PUCMC,18.1
-116.828333,32.468056,BC,"El Florido, B.C.",EFLBN,18.0
-96.884444,19.604722,VER,"Ingenio Concepción, Ver.",INCVC,18.0
-99.283333,19.216667,DF,"Monte Alegre, Cd. de Méx.",MAGDF,18.0
-106.695833,24.121944,SIN,"Ing. Aurelio Benassini Vizcaíno, Sin.",SLTSI,18.0
-96.923889,19.527222,VER,"Xalapa Palacio PC, Ver.",XPMVC,18.0
-96.903889,19.542222,VER,"Xalapa Cristal, Ver.",XCRVC,17.9
-96.935556,19.547222,VER,"Xalapa Magisterial, Ver.",XMGVC,17.8
-100.45,19.966667,MICH,"El Gigante, Mich.",EGIMC,17.8
-97.850278,20.733056,PUE,"Metlaltoyuca, Pue.",MTLPB,17.8
-92.472222,15.133333,CHIS,"Huixtla, Chis.",HUICP,17.8
-93.133333,16.75,CHIS,"Observatorio de Tuxtla Gutiérrez, Chis.",TXOCP,17.8
-103.465278,19.697778,JAL,"Observatorio de Ciudad Guzmán, Jal.",CGZJL,17.7
-103.316667,20.583333,JAL,"Tlaquepaque, Jal.",TLAJL,17.6
-88.300833,18.518889,QROO,"Chetumal Tecnológico, Q. Roo.",CHTQR,17.6
-113.457778,27.643611,BCS,"Díaz Ordaz, B.C.S.",DORBS,17.5
-99.8,19.633333,MEX,"Santa María del Llano, Méx.",SMLMX,17.5
-89.396111,18.502222,CAMP,"Xpujil, Camp.",XPJCA,17.5
-103.636389,23.638889,ZAC,"Observatorio de Sombrerete, Zac.",SOMZC,17.2
-104.675833,23.874444,DGO,"Santiago Bayacora, Dgo.",SBYDR,17.2
-99.05,19.633333,MEX,"km 27+250, Méx.",K27MX,17.2
-99.714167,19.291111,MEX,"Observatorio de Toluca, Méx.",COBMX,17.2
-98.000556,20.216667,PUE,"Necaxa, Pue.",NNEPB,17.2
-103.773611,25.270833,DGO,"Francisco Zarco, Dgo.",FZRDR,17.1
-94.916667,17.416667,VER,"Las Perlas, Ver.",LPEVC,17.0
-99.739722,20.124167,MEX,"El Molino, Méx.",PMNMX,17.0
-103.093333,21.933333,ZAC,"General Joaquín Amaro, Zac.",GJAZC,17.0
-98.131389,19.428611,TLAX,"Apizaco, Tlax.",APITL,17.0
-99.352222,19.295,DF,"El Zarco, Méx.",EZCDF,17.0
-110.725556,29.2125,SON,"Ing. Rodolfo Félix Valdés, Son.",PMOSO,17.0
-110.783333,29.183333,SON,"El Molinito, Son.",MLNSO,17.0
-103.724444,22.406111,JAL,"Bocas, Jal.",BCSJL,16.8
-116.302778,32.516389,BC,"El Hongo, B.C.",HNGBN,16.8
-96.898056,19.556667,VER,"Xalapa Minas PC, Ver.",XMNVC,16.8
-99.09,19.190278,DF,"San Salvador Cuauhtenco, Cd. de Méx.",CTNDF,16.8
-98.970833,19.210278,DF,"Tetelco, Cd. de Méx.",TTLDF,16.8
-99.866667,19.783333,MEX,"Atlacomulco, Méx. SMN*",ATLMX,16.8
-98.558333,21.972222,SLP,"Las Adjuntas, S.L.P.",AJTSL,16.7
-101.266111,21.014167,GTO,"Observatorio de Guanajuato, Gto.",GTOGJ,16.6
-99.775,19.461667,MEX,"Ignacio Ramírez, Méx.",PIRMX,16.6
-93.577778,16.227222,CHIS,"Tres Picos, Chis. CFE*",TRESPICOSCFE,16.6
-100.225,19.178889,MEX,"Colorines, Méx.",COLMX,16.3
-101.7375,21.497778,JAL,"El Cuarenta, Jal.",CRTJL,16.3
-99.176389,19.206389,DF,"San Miguel Topilejo, Cd. de Méx. SEGIAGUA*",SMTOPILEJO,16.3
-97.883333,20.233333,PUE,"Patla, Pue.",PTLPB,16.2
-92.755278,15.071111,CHIS,"La Encrucijada, Chis. SMN*",ENCRUCIJADA,16.2
-101.287778,20.867222,GTO,"La Purísima, Gto.",PRSGJ,16.1
-100.9,20.95,GTO,"Cinco Seńores, Gto.",CSRGJ,16.1
-89.860278,19.664444,CAMP,"Xcupil, Camp.",XCPCA,16.0
-101.244444,20.872222,GTO,"El Chapín, Gto.",ECHGJ,16.0
-109.934167,23.9675,BCS,"Los Planes, B.C.S.",PLNBS,16.0
-106.366667,26.133333,DGO,"La Rosilla, Dgo.",ROSDR,16.0
-106.654167,24.047222,SIN,"Acatitán, Sin.",ACTSI,16.0
-110.92,29.076667,SON,"Abelardo Rodríguez Luján, Son.",ARLSO,15.9
-100,20.3625,QRO,"San José, Qro.",SJSQT,15.9
-96.918056,19.48,VER,"Pacho Viejo, Ver.",PAVVC,15.8
-99.265,19.028889,MOR,"Huitzilac, Mor.",HUIMR,15.7
-103.782778,21.831667,JAL,"Bolańos, Jal.",BLNJL,15.6
-100.084722,19.375556,MEX,"Valle de Bravo, Méx. SMN*",VALLEDEBRAVO,15.6
-96.871667,19.511667,VER,"Xalapa Olmos PC, Ver.",XOLVC,15.6
-96.928056,19.720278,VER,"Xalapa TOV PC, Ver.",XTOVC,15.5
-97.491944,19.489167,PUE,"Tepeyahualco, Pue.",TPYPB,15.5
-99.706944,20.32,HGO,"Huichapan, Hgo. SMN*",HUICHAPAN,15.5
-98.076111,20.46,HGO,"Huehuetla, Hgo.",HHTHD,15.5
-99.49,19.286944,MEX,"Villa Carmela, Méx. SEGIAGUA*",VILLACARMELA,15.5
-100.541944,25.701111,NL,"Obispo, N.L. SAHM*",OB-05,15.4
-103.098333,23.693333,ZAC,"El Cazadero, Zac.",ELCZC,15.3
-90.72,19.361667,CAMP,"Champotón, Camp.",CHMCA,15.3
-95.8,18.3,VER,"Chacaltianguis, Ver.",CCLVC,15.2
-103.6,19.325,COL,"Cuauhtémoc, Col.",CUACM,15.2
-102.615,24.983056,ZAC,"Nuevo Tampico, Zac.",NTAZC,15.1
-99.696944,20.046389,MEX,"Huapango, Méx.",HPNMX,15.0
-105.414167,27.544722,CHIH,"La Boquilla, Chih.",LBQCH,15.0
-102.705833,20.293889,JAL,"Jamay, Jal.",JMYJL,15.0
-109.995,24.083889,BCS,"El Sargento, B.C.S.",SARBS,15.0
-108.329167,26.736111,SIN,"Observatorio de Choix, Sin.",CHXSI,15.0
-89.394722,20.290556,YUC,"Oxkutzcab, Yuc.",OXKYC,15.0
-99.790278,19.829167,MEX,"Francisco José Trinidad Fabela, Méx.",PFBMX,15.0
-103.613056,19.2475,COL,"Buenavista, Col.",BVSCM,15.0
-101.916667,21.366667,JAL,"Observatorio de Lagos de Moreno, Jal.",OLMJL,15.0
-112.435278,30.771944,SON,"Caborca, Son. SMN*",CABORCA,15.0
-96.913611,19.569444,VER,"Xalapa Moral, Ver. PC*",XMRVC,15.0
-92.243333,14.99,CHIS,"Tapachula Malpaso, Chis.",TAMCP,15.0
-100.363333,20.198333,GTO,"Coroneo, Gto.",CORGJ,14.8
-102.608611,22.269722,AGS,"Sierra Fría, Ags. SMN*",SIERRAFRIA,14.6
-102.419167,20.183889,MICH,"Barraje de Ibarra, Mich.",BIBMC,14.5
-86.735,21.235556,QROO,"Isla Mujeres, Q.Roo.",IMJQR,14.5
-96.894444,19.555833,VER,"Xalapa Sumidero, Ver.",XSUVC,14.5
-102.064444,26.983333,COAH,"Cuatro Ciénegas, Coah.",CCGCL,14.4
-103.446389,20.746667,JAL,"Base Aérea Zapopan, Jal.",BAZJL,14.4
-98.716111,20.185556,HGO,"El Chico, Hgo. SMN*",ELCHICO,14.4
-102.979444,25.7575,COAH,"San Pedro, Coah.",SPECL,14.3
-104.113889,25.225556,DGO,"Nazas, Dgo.",NZSDR,14.3
-105.675556,26.917778,CHIH,"Observatorio de Parral, Chih.",PRRCH,14.2
-107.482778,28.481667,CHIH,"Abraham González, Chih.",AGZCH,14.2
-98.975278,17.719722,GRO,"Ahuacuotzingo, Gro.",AHUGR,14.2
-106.975,24.933333,DGO,"Tamazula, Dgo.",TMZDR,14.1
-96.921389,19.578611,VER,"Sedeńo, Ver.",SEDVC,14.1
-112.116667,30.697778,SON,"Pitiquito, Son.",PTQSO,14.0
-108.937778,27.021667,SON,"Álamos, Son. SMN*",ALASO,14.0
-88.216667,20.683333,YUC,"Observatorio de Valladolid, Yuc. SMN*",VALLADOLIDob,14.0
-103.37,19.5625,JAL,"Quito, Jal.",QUTJL,14.0
-98.8,21.333333,SLP,"Observatorio de Matlapa, S.L.P.",MTPSL,13.9
-100.152778,19.350556,MEX,"Chilesdo, Méx.",CHIMX,13.8
-89.642778,21.048889,YUC,"Facultad de Ingeniería Universidad Autónoma de Yucatán, Yuc.",FIYYC,13.8
-100.18,19.2075,MEX,"Valle de Bravo, Méx.",VBRMX,13.8
-99.203889,19.271389,DF,"Ecoguardas Ajusco, Cd. de Méx. SMN*",ECOGUARDAS,13.8
-99.6125,19.429167,MEX,"Trojes, Méx.",TROMX,13.8
-103.45,25.541667,COAH,"Observatorio de Torreón, Coah.",TORCL,13.7
-87.676667,21.5125,YUC,"El Cuyo, Yuc.",CYOYC,13.7
-90.558889,19.830556,CAMP,"Campeche, Camp.",CMPCA,13.6
-100.439167,19.890833,MICH,"Maravatío, Mich.",MRVMC,13.5
-99.120556,19.150556,DF,"Manantial Tulmiac, Cd. de Méx. SEGIAGUA*",MTULMIAC,13.5
-101.399167,22.117778,ZAC,"Pino Suárez, Zac.",PINZC,13.4
-99.2625,19.308056,DF,"Huayatla, Cd. de Méx.",HYTDF,13.3
-103.916667,22.6,JAL,"El Pinito, Jal.",PINJL,13.1
-102.356944,22.121667,AGS,"Jocoque, Ags.",JCQAG,13.1
-96.133333,18.083333,OAX,"Tuxtepec, Oax.",TUXOX,13.0
-105.254167,26.546389,CHIH,"Pico del Aguila, Chih.",PAGCH,13.0
-108.358611,25.739167,SIN,"El Zopilote, Sin.",ZOPSI,13.0
-103.960833,24.001667,DGO,"Francisco Villa, Dgo.",FVLDR,13.0
-91.175833,18.972778,CAMP,"Sabancuy, Camp.",SBNCA,13.0
-102.137778,19.962222,MICH,"Urepetiro, Mich.",UREMC,13.0
-109.697222,23.680556,BCS,"Los Barriles, B.C.S.",LBABS,13.0
-100.433333,17.210278,GRO,"Atoyac, Gro.",ATYGR,13.0
-99.741667,19.591667,MEX,"San Bartolo del Llano, Méx.",SLBMX,13.0
-103.025833,23.816944,ZAC,"Río Grande, Zac.",RGRZC,13.0
-96.713889,20.157778,VER,"El Raudal, Ver.",RAUVC,13.0
-102.716667,20.066667,MICH,"Sahuayo, Mich.",SAHMC,13.0
-99.309167,19.313333,DF,"Desierto de los Leones, Cd. de Méx.",DTLDF,13.0
-110.953611,18.726667,COL,"Isla Socorro, Col. SEMAR*",ISOCORROmar,12.8
-93.026389,16.9525,CHIS,"Bombana, Chis. SGT*",BOMBANA,12.8
-103.917778,23.623889,DGO,"Súchil, Dgo.",SUCDR,12.8
-101.548889,17.645278,GRO,"Zihuatanejo, Gro.",ZHTGR,12.7
-101.4225,26.908333,COAH,"Observatorio de Monclova, Coah.",MCVCL,12.6
-92.454167,16.712778,CHIS,"Huixtán, Chis. SGT*",HUIXTAN,12.6
-104.276944,25.085,DGO,"San Luis del Cordero, Dgo.",SLCDR,12.6
-105.806944,27.454444,CHIH,"Valle de Zaragoza, Chih.",VZRCH,12.5
-103.774167,18.809167,COL,"Laguna de Amela, Col.",LDACM,12.4
-100.128056,25.428056,NL,"Rodrigo Gómez, N.L.",LBCNL,12.4
-100.828611,19.860278,MICH,"Zinapécuaro, Mich.",ZINMC,12.3
-101.838333,21.048611,GTO,"El Barrial, Gto.",BRRGJ,12.3
-101.835278,21.05,GTO,"El Barrial, Gto.",EBAGJ,12.3
-99.059444,19.225278,DF,"PTAR San Pedro Actopan, Cd. de Méx. SEGIAGUA*",PTARSPACTOPAN,12.3
-101.554167,17.645,GRO,"Zihuatanejo, Gro. SMN*",ZIHUATANEJO,12.2
-89.637778,21.030278,YUC,"Centro de Investigación Científica, Yuc.",CICYC,12.2
-97.4,20.955556,VER,"Observatorio de Tuxpan, Ver.",TXPVC,12.2
-100.9,18.5,MICH,"Caimanera, Mich.",CMNMC,12.1
-100.891111,18.463333,MICH,"Caimanera, Mich. CFE*",CAIMANERACFE,12.1
-90.5075,19.836389,CAMP,"Observatorio de Campeche, Camp.",COBCA,12.0
-103.469167,25.542222,COAH,"Coyote, Coah.",CYTCL,12.0
-102.4,20.1,MICH,"San Simón, Mich.",SSIMC,12.0
-98.647222,20.652778,HGO,"Zacualtipán, Hgo.",ZXTHD,12.0
-103.228056,25.527778,COAH,"Matamoros, Coah.",MATCL,12.0
-102.25,20.483333,JAL,"Huascato, Jal.",HUAJL,12.0
-104.066111,25.263333,DGO,"Agustín Melgar, Dgo. SMN*",AM2DR,11.8
-109.6875,30.374444,SON,"Observatorio de Nacozari, Son.",NCZSO,11.8
-99.129444,19.237222,DF,"Pozo reclusorio Sur, Cd. de Méx. SEGIAGUA*",RECLUSORIOSUR,11.8
-103.495833,22.326667,ZAC,"Independencia Nacional, Zac.",STEZC,11.7
-101.1,19.7,MICH,"Morelia Centro, Mich.",MCEMC,11.7
-89.829444,20.752778,YUC,"Chocholá, Yuc.",CHOYC,11.7
-98.888611,21.425,SLP,"Requetemu, S.L.P.",RQTSL,11.6
-103.225278,22.327222,JAL,"Achimec, Jal.",ACHZC,11.5
-103.979722,23.737778,DGO,"Vicente Guerrero, Dgo.",VGCDR,11.5
-99.275,19.328611,DF,"San Bartolo Ameyalco, Cd. de Méx.",SBADF,11.5
-98.582222,19.330278,PUE,"Santa Rita Tlahuapan, Pue.",SRTPB,11.5
-109.378889,30.437778,SON,"Lázaro Cárdenas, Son.",LCDSO,11.4
-102.845556,21.3575,ZAC,"Nochistlán, Zac.",NCTZC,11.3
-104.285278,19.845833,JAL,"El Corcovado, Jal.",ELCJL,11.3
-99.219444,19.285278,DF,"Picacho Homun, Cd. de Méx. SEGIAGUA*",PICACHOHOMUN,11.3
-100.954444,29.329167,COAH,"Las Vacas. Ciudad Acuńa, Coah. CILA*",LASVACASC,11.2
-100.712222,20.0325,GTO,"Acámbaro, Gto.",ACNGJ,11.0
-99.385278,19.834722,MEX,"Taxhimay, Méx.",TXMHD,11.0
-101.931944,18.921111,MICH,"Zicuirán, Mich.",ZICMC,11.0
-103.464722,19.730556,JAL,"Observatorio de Ciudad Guzmán, Jal. SMN*",CDGUZMANob,11.0
-96.915556,19.565833,VER,"Xalapa Revolución, Ver.",XREVC,10.9
-103.506111,24.288611,ZAC,"Santiago, Zac.",SGOZC,10.8
-103.001944,22.642778,ZAC,"Jerez, Zac.",JERZC,10.8
-100.245,25.592222,NL,"Estanzuela, N.L. SAHM*",EZ-07,10.8
-99.126111,19.285833,DF,"Planta de bombeo Villa Coapa, Cd. de Méx.",PVCDF,10.8
-99.264722,19.288611,DF,"Planta de Tratamiento Río de La Magdalena, Cd. de Méx.",PRMDF,10.8
-97.238889,19.580556,VER,"Perote, Ver.",PERVC,10.7
-103.392778,20.706667,JAL,"Observatorio de Guadalajara, Jal.",GUCJL,10.6
-99.891667,20.516944,QRO,"Tequisquiapan, Gro. CFE*",TEQUISQUIAPACFE,10.6
-96.697778,19.433056,VER,"Cerro Gordo, Ver.",CEGVC,10.6
-100.9,20.279722,GTO,"El Cubo, Gto.",ECBGJ,10.5
-101.259167,19.629722,MICH,"Cointzio, Mich.",COIMC,10.5
-104.318611,19.044444,COL,"Observatorio de Manzanillo, Col.",MNZCM,10.4
-98.970833,16.614722,GRO,"Copala, Gro.",COPGR,10.4
-100.304722,25.733611,NL,"Observatorio de Monterrey, N.L.",OBSNL,10.3
-101.016667,20.4,GTO,"Santa Julia, Gto.",SJLGJ,10.3
-92.098056,18.254722,CAMP,"Palizada, Camp. SMN*",PALIZADACA,10.3
-106.505,30.615556,CHIH,"Villa Ahumada, Chih. SMN*",VILLAAHUMADA,10.3
-101.016667,25.376389,COAH,"Saltillo, Coah.",STOCL,10.2
-103.335,20.723333,JAL,"La Experiencia, Jal.",EXPJL,10.2
-96.736111,19.621667,VER,"Alto Lucero, Ver.",ALUVC,10.2
-96.873611,19.650556,VER,"Naolinco AC, Ver.",NACVC,10.1
-101.2,19.7,MICH,"Morelia Norte, Mich.",MNOMC,10.1
-101.6675,21.195556,GTO,"Los Castillos, Gto.",CSTGJ,10.1
-103.461944,21.468611,ZAC,"Teúl de González Ortega, Zac.",TGOZC,10.1
-97.251389,18.918056,PUE,"Paso Carretas, Pue.",PCRPB,10.0
-101.073056,20.286944,GTO,"Laguna de Yuriria, Gto.",LDYGJ,10.0
-101.795,19.805278,MICH,"Zacapu, Mich.",ZCAMC,10.0
-99.194167,19.296111,DF,"Rebombeo Bosque de Tlalpan, Cd. de Méx.",RBTDF,10.0
-107.255556,28.771667,CHIH,"Bachíniva, Chih.",BACCH,10.0
-100.198056,25.5175,NL,"El Cerrito, N.L.",ECSNL,10.0
-99.05,19.233333,DF,"Planta San Luis, Cd. de Méx.",PSLDF,10.0
-102.506111,22.746667,ZAC,"Zacatecas, Zac. SMN*",ZA2ZC,10.0
-100.751944,20.8975,GTO,"San Miguel de Allende, Gto.",SMAGJ,10.0
-100.118056,23.4225,NL,"Mier y Noriega, N.L.",MYNNL,9.8
-115.9375,30.531111,BC,"San Quintín, B.C. SMN*",SQNBN,9.8
-97.950833,19.313333,TLAX,"Huamantla, Tlax. SMN*",HUATL,9.6
-103.7475,26.686389,DGO,"Mapimí, Dgo. SMN*",MAPIMI,9.6
-98.939722,21.847222,SLP,"El Pujal, S.L.P.",PUJSL,9.5
-99.135833,19.199444,DF,"Topilejo, Cd. de Méx.",TPJDF,9.5
-100.816667,20.536389,GTO,"Celaya, Gto.",CLYGJ,9.5
-101.057222,29.446944,COAH,"Internacional La Amistad, Coah.",AMSCL,9.5
-101.066944,20.298333,GTO,"Santa Rita, Gto.",SRTGJ,9.4
-98.955833,21.748889,SLP,"Ballesmi, S.L.P.",BLMSL,9.4
-88.160278,21.571111,YUC,"Río Lagartos, Yuc. SMN*",RILYC,9.4
-98.357222,20.084167,HGO,"Observatorio de Tulancingo, Hgo. SMN*",TULANCINGOob,9.4
-101.016667,25.376389,COAH,"Observatorio de Saltillo, Coah.",SALCL,9.3
-107.930833,30.376667,CHIH,"Observatorio de Nuevo Casas Grandes, Chih.",CAGCH,9.3
-96.916667,19.533333,VER,"Observatorio de Xalapa, Ver.",XOBVC,9.2
-109.591389,23.593056,BCS,"La Ribera, B.C.S.",RBRBS,9.1
-98.208889,23.762222,TAMPS,"Observatorio de Soto la Marina, Tamps.",SLMTP,9.1
-100.825833,20.848056,GTO,"Ignacio Allende, Gto.",IALGJ,9.0
-99.310833,19.963056,HGO,"Requena, Hgo.",PRQHD,9.0
-107.384167,29.5625,CHIH,"El Tintero, Chih.",TNTCH,9.0
-89.218889,19.883056,YUC,"Becanchén, Yuc.",BECYC,9.0
-100.816667,20.833333,GTO,"La Begońa hidrométrica, Gto.",BEGGJ,9.0
-102.058611,18.931111,MICH,"Pastoría, Mich. CFE*",PASTORIACFE,8.9
-107.85,28.95,CHIH,"Observatorio de Temósachic, Chih.",TMCCH,8.8
-104.298056,21.038889,NAY,"Ixtlán del Río, Nay. SMN*",IXTLANRIO,8.8
-89.658056,20.984167,YUC,"Organismo de Cuenca Península de Yucatán, Yuc.",GARYC,8.7
-99.583333,24.183333,TAMPS,"Puerto de Valles, Tamps.",PVLTP,8.7
-99.399444,17.568056,GRO,"Tixtla, Gro.",TXTGR,8.7
-104.061111,19.913611,JAL,"Basilio Vadillo, Jal.",BBAJL,8.5
-103.699722,27.285278,COAH,"Sierra Mojada, Coah.",SMJCL,8.5
-98.409444,21.499722,VER,"Tempoal, Ver.",TMPVC,8.5
-109.713611,23.490278,BCS,"Santiago, B.C.S.",SNTBS,8.5
-99.52,19.566389,MEX,"Cerro Catedral, Méx. SMN*",CCAMX,8.5
-96.55,17.266667,OAX,"Ixtepeji, Oax.",SCIOX,8.5
-99.000556,19.275,DF,"San José Tláhuac RB Tequesquite, Cd. de Méx. SEGIAGUA*",TEQUESQUITE,8.5
-103.322778,20.286667,JAL,"Piedra Barrenada, Jal.",PBRJL,8.3
-99.023056,19.299167,DF,"Planta de Tratamiento Santa Catarina, Cd. de Méx.",PSCDF,8.3
-99.171111,19.263056,DF,"Pueblo San Pedro Mártir, Cd. de Méx.",PSPDF,8.3
-99.17,19.262778,DF,"San Pedro Mártir, Cd. de Méx. SEGIAGUA*",SPEDROMARTIR,8.3
-98.369444,20.083333,HGO,"Observatorio de Tulancingo, Hgo.",TLGHD,8.2
-88.1725,21.158611,YUC,"Tizimín, Yuc.",TIZYC,8.2
-98.356667,21.297778,VER,"Platón Sánchez, Ver.",PSNVC,8.2
-89.651111,20.946389,YUC,"Observatorio de Mérida, Yuc.",MEOYC,8.1
-101.919722,21.359722,JAL,"Lagos de Moreno, Jal.",LDMJL,8.1
-98.155833,21.7375,VER,"Paso de Piedras, Ver.",CHYVC,8.0
-109.843889,23.738333,BCS,"San Bartolo, B.C.S.",SBABS,8.0
-100.265833,18.382778,GRO,"Vicente Guerrero, Gro.",VGRGR,8.0
-98.200556,19.556111,TLAX,"San José Atlanga, Tlax.",SJATL,8.0
-100.620833,20.454167,GTO,"Apaseo el Alto, Gto.",APSGJ,8.0
-99.090833,19.246389,DF,"Planta Nativitas, Cd. de Méx.",PNTDF,8.0
-103.983333,26.549722,DGO,"La Flor de Jimulco, Dgo. SMN*",LAFLOR,8.0
-100.333056,25.659722,NL,"Protección Civil, N.L. SAHM*",PC-08,8.0
-88.3275,18.500556,QROO,"Observatorio de Chetumal, Q. Roo. SMN*",CHETUMALob,8.0
-101.941944,21.348333,JAL,"Observatorio de Lagos de Moreno, Jal. SMN*",LMORENOob,8.0
-97.475,20.543333,VER,"Poza Rica, Ver. SGT*",POZARICA,8.0
-98.7475,20.123333,HGO,"Observatorio de Pachuca, Hgo.",PCOHD,7.8
-99.009722,19.281389,DF,"San Pedro Tláhuac, Cd. de Méx.",SPPDF,7.8
-99.079444,19.282778,DF,"San Pedro Tláhuac, Cd. de Méx. SEGIAGUA*",TLAHUAC,7.8
-89.501111,21.078889,YUC,"Conkal, Yuc.",CONYC,7.5
-99.1425,19.556111,DF,"Tanque Chalmita, Cd. de Méx.",TCMDF,7.5
-100.5175,18.075833,GRO,"Andrés Figueroa, Gro.",AFIGR,7.5
-107.025833,29.88,CHIH,"Las Lajas, Chih.",LJSCH,7.5
-103.353056,24.469167,DGO,"Santa Clara, Dgo.",SCLDR,7.5
-98.975,19.339167,MEX,"La Caldera Subestación eléctrica Santa Lucía, Méx. SEGIAGUA*",LACALDERA,7.5
-101.844167,20.675278,GTO,"Las Adjuntas, Gto.",LADGJ,7.4
-101.678889,21.173611,GTO,"El Palote, Gto.",EPLGJ,7.4
-100.308056,25.732222,NL,"Ciudad Universitaria, N.L. SAHM*",CU-09,7.4
-99.614167,26.091389,NL,"Cerralvo, N.L.",CRVNL,7.3
-100.369444,20.563333,QRO,"Observatorio de Querétaro, Qro.",OBSQT,7.3
-99.028889,19.338333,DF,"Rebombeo La Quebradora (Santa Cruz Meyehualco), Cd. de Méx.",SCMDF,7.3
-98.503889,21.832222,VER,"El Olivo, Ver.",OLVVC,7.2
-99.501111,20.663333,HGO,"Ing. Fernando Hiriart Balderrama, Hgo.",ZMPHD,7.2
-97.545,21.068333,VER,"Chalahuite, Ver.",CLHVC,7.2
-102.798056,22.347778,ZAC,"Palomas, Zac.",PALZC,7.1
-100.885833,20.216667,GTO,"Salvatierra, Gto.",SLVGJ,7.1
-102.2,18.8,MICH,"La Pastoría, Mich.",LPSMC,7.1
-101.693333,21.136389,GTO,"León, Gto.",LENGJ,7.0
-104.410833,29.565,CHIH,"Ojinaga, Chih.",OJNCH,7.0
-99,19.166667,DF,"Santa Ana, Cd. de Méx.",SANDF,7.0
-99.304444,19.695,MEX,"La Concepción, Méx.",CNPMX,7.0
-101.48,21.65,GTO,"Ocampo, Gto.",OCMGJ,7.0
-100.962778,20.487778,GTO,"Cortázar, Gto.",CRTGJ,7.0
-98.198611,19.022778,PUE,"Conagua, Pue.",CNAPB,7.0
-99.286389,19.3625,DF,"El Yaqui, Cd. de Méx.",EYQDF,7.0
-100.421111,19.387778,MICH,"El Bosque, Mich.",DBOMC,7.0
-102.296667,22.362778,AGS,"Cosío, Ags.",CSOAG,7.0
-99.021667,19.256111,DF,"Cerrillos, Cd. de Méx. SEGIAGUA*",CERRILLOS,7.0
-99.209444,19.308611,DF,"Planta Pichacho Ajusco Periférico, Cd. de Méx. SEGIAGUA*",PICACHOAJUSCO,7.0
-100.343333,25.634167,NL,"Arroyo Seco, N.L. SAHM*",AS-06,7.0
-98.044167,19.2975,TLAX,"La Malinche 1, Tlax. SMN*",MALINCHEI,6.8
-99.264444,19.359722,DF,"Santa Fe (Santa Lucía), Cd. de Méx.",TSLDF,6.8
-99.272222,19.373056,DF,"Tanque el Cartero, Cd. de Méx.",TECDF,6.8
-107.994167,27.858611,CHIH,"Maguarichi, Chih. SMN*",MAGCH,6.8
-103.35,21.645833,ZAC,"Miguel Alemán, Zac.",EXCZC,6.6
-102.822778,21.005833,JAL,"La Cuńa, Jal.",CUNJL,6.6
-92.590833,16.686111,CHIS,"El Aguaje, Chis. SGT*",ELAGUAJE,6.6
-103.9175,19.463611,JAL,"Sierra Manatlán 1, Jal. SMN*",SMANANTLANI,6.6
-103.3375,21.588889,ZAC,"José María Morelos, Zac.",VILZC,6.5
-103.201944,20.290556,JAL,"Chapala 1, Jal. SMN*",CHAJL,6.5
-96.666389,19.361667,VER,"La Cumbre, Ver.",CUMVC,6.5
-96.665,19.043333,VER,"Puente Cuatro Caminos, Ver. SGT*",PTE4CAMINOS,6.5
-98.370556,24.046667,TAMPS,"Abasolo, Tamps. SGT*",ABASOLO,6.5
-99.555833,24.2475,TAMPS,"Pedro José Méndez, Tamps.",PJMTP,6.4
-100.435556,20.604167,QRO,"Carrillo, Qro.",CARQT,6.3
-93.560278,16.692778,CHIS,"Las Flores, Chis. CFE*",LASFLORESCFE,6.3
-99.233611,16.758333,GRO,"Las Vigas, Gro. SMN*",LASVIGASGRO,6.2
-103.091944,20.397222,JAL,"Atequiza, Jal.",ATQJL,6.1
-107.879167,26.870833,CHIH,"San Ignacio, Chih.",IGNCH,6.0
-106.484722,28.802778,CHIH,"Majalca, Chih.",C08099,6.0
-105.129722,19.9975,JAL,"Cajón de Peńa, Jal.",CPEJL,6.0
-98.2875,21.194444,VER,"Los Hules, Ver.",HLSVC,6.0
-98.421944,22.413611,TAMPS,"Tamesí, Tamps.",TMSTP,6.0
-101.178889,20.382778,GTO,"Valle de Santiago, Gto.",VDSGJ,6.0
-99.190278,19.509167,DF,"Planta de Tratamiento Rosario, Cd. de Méx.",PTRDF,6.0
-99.205,19.3,DF,"Desviación Alta, Cd. de Méx.",DATDF,6.0
-102.729444,20.395278,JAL,"Zula río, Jal.",ZULJL,6.0
-96.36,19.405833,VER,"El Naranjillo, Ver.",ENRVC,6.0
-106.085556,28.656944,CHIH,"Observatorio de Chihuahua, Chih.",QIJCH,6.0
-99.267222,19.5225,MEX,"Madín, Méx. SEGIAGUA*",PRESAMADINDF,6.0
-98.148056,20.033056,PUE,"Ahuazotepec, Pue.",AHUPB,5.8
-90.741111,18.604444,CAMP,"Escárcega, Camp.",ESCCA,5.8
-99.933333,17.603333,GRO,"Yextla, Gro.",YXTGR,5.8
-99.260833,19.526944,MEX,"Madín, Méx.",PMDMX,5.8
-98.563889,19.586111,TLAX,"Calpulalpan, Tlax.",CPPTL,5.8
-102.864167,22.120556,ZAC,"Ing. Julián Adame Alatorre, Zac.",TAYZC,5.7
-99.511667,19.205,MEX,"Gerencia Conagua CODAGEM, Méx.",CGCMX,5.7
-99.216667,19.566667,MEX,"Las Arboledas, Méx.",ARBMX,5.7
-102.4375,22.235,AGS,"Derivadora Pabellón, Ags.",PTRAG,5.6
-96.388889,18.1525,OAX,"Dique Pescaditos, Oax.",DPSOX,5.6
-96.658333,18.492778,OAX,"Cosolapa, Oax.",CSPOX,5.6
-103.88,23.471944,ZAC,"Chalchihuites, Zac.",TCHZC,5.5
-99.248611,19.316667,DF,"Tanque San Francisco, Cd. de Méx.",TSFDF,5.5
-100.730833,29.071944,COAH,"San Diego Jiménez, Coah. CILA*",SANDIEGOC,5.5
-99.19,19.3375,DF,"Conagua Oficinas Centrales, Cd. de Méx SGT*",CONAGUAOFC,5.5
-99.170556,19.286944,DF,"La Joya, Cd. de Méx. SEGIAGUA*",LAJOYACDMX,5.5
-87.372778,21.521389,QROO,"Isla Holbox, Q. Roo.",HLBQR,5.5
-106.119444,28.614722,CHIH,"El Rejón, Chih.",ERECH,5.4
-92.283333,15.75,CHIS,"Chicomuselo, Chis.",CHMCP,5.4
-96.356389,18.449167,VER,"Tierra Blanca AC, Ver.",TBPVC,5.4
-103.201667,20.290556,JAL,"Lago de Chapala, Jal.",LDCJL,5.4
-99.815,21.055833,QRO,"Peńamiller, Qro.",PMLQT,5.3
-100.683333,20.533333,GTO,"Apaseo el Grande, Gto.",AEGGJ,5.3
-100.413056,20.567222,QRO,"Gerencia Hidalgo, Qro.",GHQQT,5.3
-100.642778,23.656944,SLP,"Matehuala, S.L.P.",MATSL,5.3
-99.026944,19.187222,DF,"Milpa Alta, Cd. de Méx. SEGIAGUA*",MILPAALTADF,5.3
-99.235,19.308056,DF,"Foro Cultural Magdalena, Cd. de Méx. SEGIAGUA*",FCMAGDALENA,5.3
-103.3925,20.706667,JAL,"Observatorio de Guadalajara , Jal. SMN*",GUADALAJARAob,5.2
-99.215278,24.103333,TAMPS,"Barretal Uno, Tamps. SGT*",BARRETALI,5.2
-103.354444,20.680556,JAL,"Guadalajara Centro, Jal.",GUAJL,5.1
-97.8,25.8,TAMPS,"Pueblo Anáhuac, Tamps.",PANTP,5.1
-97.804167,25.906111,TAMPS,"Villa Cárdenas, Tamps.",VCATP,5.1
-97.236944,18.925278,VER,"Loma Grande, Ver. SMN*",LOMAGRANDE,5.1
-99.123889,19.904722,MEX,"Tajo de Tequixquiac, Méx",TTQMX,5.0
-100.501944,21.223611,GTO,"Mineral de Pozos, Gto. Protección Civil*",MINERALPOZOS,5.0
-100.412222,20.504167,QRO,"El Batán, Qro.",BATQT,5.0
-105.446944,28.210833,CHIH,"Ciudad Delicias, Chih.",CDLCH,5.0
-99.218611,20.2375,HGO,"Mixquiahuala, Hgo.",MXQHD,5.0
-108.7,25.7,SIN,"Adolfo Ruiz Cortines, Sin.",ARCSI,5.0
-99.122222,19.572222,DF,"Sierra Guadalupe, Cd. de Méx.",SGDDF,5.0
-98.870833,19.190278,MEX,"San Luis Ameca, Méx.",SLAMX,5.0
-97.6475,19.318056,TLAX,"El Carmen Tequexquitla, Tlax.",ECTTL,5.0
-104.8875,21.780833,NAY,"San Rafael, Nay.",RSRNR,5.0
-99.184722,19.580833,MEX,"Planta de bombeo Barrientos, Méx.",PBTMX,5.0
-98.153056,21.039722,VER,"Terrerillos, Ver.",TRRVC,5.0
-89.583611,20.983889,YUC,"Emiliano Zapata, Yuc.",EZAYC,5.0
-102.417222,22.141111,AGS,"Plutarco Elías Calles, Ags.",PECAG,5.0
-103.804167,19.2125,COL,"Coquimatlán, Col.",CQMCM,5.0
-102.583333,21.45,JAL,"Teocaltiche, Jal.",TCAJL,5.0
-100.608889,19.579722,MICH,"Agostitlán, Mich.",AGOMC,5.0
-105.133611,19.998611,JAL,"Río Tomatlán, Jal. SMN*",RIOTOMATLAN,5.0
-100.283056,20.389444,QRO,"Huimilpan, Qro. SMN*",HUIQT,5.0
-98.433889,19.287222,PUE,"San Martín Texmelucan, Pue.",SMTPB,5.0
-99.777778,23.981389,NL,"Zaragoza, N.L.",ZRGNL,5.0
-97.268333,19.545,VER,"Perote, Ver. SMN*",PEROTESMN,5.0
-99.184722,19.580833,MEX,"Planta de bombeo Barrientos, Méx. SEGIAGUA*",BARRIENTOS,5.0
-92.649167,16.725278,CHIS,"Puente Morelos, Chis. SGT*",PTEMORELOS,5.0
-103.309444,21.773611,ZAC,"Tlaltenango, Zac.",TLLZC,4.9
-89.4375,21.105556,YUC,"Mocochá, Yuc.",MOCYC,4.9
-101.715833,22.347222,ZAC,"Villa Hidalgo, Zac.",VHGZC,4.8
-98.39,24.065556,TAMPS,"Abasolo, Tamps.",ABSTP,4.8
-99.434444,24.2525,TAMPS,"Miguel Hidalgo, Tamps.",MHGTP,4.8
-99.9625,20.198611,QRO,"San Ildefonso, Qro.",IDFQT,4.8
-99.183333,19.486389,DF,"Campamento Mecoaya, Cd. de Méx.",CMYDF,4.8
-99.076389,19.336944,DF,"Planta de Tratamiento Cerro de La Estrella, Cd. de Méx.",PLEDF,4.8
-99.073056,19.288611,DF,"El Molino, Cd. de Méx. SEGIAGUA*",ELMOLINOCDMX,4.8
-98.871389,19.191389,MEX,"San Luis Ameca 2, Méx. SEGIAGUA*",SLAMECAII,4.8
-96.453611,17.1175,OAX,"San Antonio Cuajimoloyas, Oax.",SMAOX,4.6
-101.176111,19.688611,MICH,"Observatorio de Morelia, Mich.",MORMC,4.6
-100.383611,25.735833,NL,"Mitras, N.L. SAHM*",MI-02,4.6
-105.963611,28.773333,CHIH,"La Mesa, Chih.",C08270,4.5
-105.28,28.984444,CHIH,"El Granero, Chih.",LLNCH,4.5
-98.318056,19.068611,PUE,"Cholula, Pue.",CHLPB,4.5
-100.453333,20.535,QRO,"El Pueblito, Qro.",EPUQT,4.5
-97.388889,19.413889,VER,"Zalayeta, Ver.",ZALVC,4.5
-99.154722,23.046667,TAMPS,"Gómez Farías, Tamps. SGT*",GOMEZFARIAS,4.5
-89.299444,21.102222,YUC,"Motul, Yuc.",MTOYC,4.5
-101.917222,22.520278,ZAC,"Villa González Ortega, Zac.",VGOZC,4.4
-100.661111,26.844444,COAH,"Candela, Coah.",CDLCL,4.4
-96.5875,19.495,VER,"Actopan, Ver.",ACTVC,4.4
-97.769722,19.298889,TLAX,"Cuapiaxtla, Tlax.",CUATL,4.4
-103.25,22.133333,JAL,"Observatorio de Colotlán, Jal.",CLTJL,4.4
-92.603056,16.727222,CHIS,"San Cristóbal de las Casas, Chis. CFE*",SCCASASCFE,4.4
-100.5325,28.706667,COAH,"Observatorio de Piedras Negras, Coah.",PNGCL,4.3
-103.266667,25.766667,COAH,"Madero, Coah.",MADCL,4.3
-99.180556,19.346667,DF,"Universidad, Cd. de Méx.",CCUDF,4.3
-98.999444,19.357222,DF,"Cárcel de Mujeres, Cd. de Méx.",CDMDF,4.3
-99.181111,19.3475,DF,"Universidad, Cd. de Méx. SEGIAGUA*",UNIVERSIDADDF,4.3
-99.233611,19.364444,DF,"Presa Mixcoac, Cd. de Méx. SEGIAGUA*",PRESAMIXCOAC,4.3
-101.102778,18.538889,MICH,"Pinzanes, Mich. CFE*",PINZANESCFE,4.2
-99.743889,24.99,NL,"El Carmen, N.L. SGT*",ELCARMENNL,4.2
-100.929722,25.561111,COAH,"Ramos Arizpe Aeropuerto, Coah.",ARACL,4.1
-98.166667,19.05,PUE,"Observatorio de Puebla, Pue.",PUOPB,4.1
-99.399722,24.9375,NL,"José López Portillo, N.L.",CPRNL,4.0
-99.830556,21.651111,SLP,"Pedro Montoya, S.L.P.",PMYSL,4.0
-99.36,20.163889,HGO,"Endhó, Hgo.",ENDHD,4.0
-103.198611,22.171944,JAL,"Tenasco, Jal.",TENJL,4.0
-102.976111,20.681389,JAL,"Ing. Elías González Chávez, Jal.",EGCJL,4.0
-99.037778,19.38,DF,"Planta de bombeo U.H. Ejército de Oriente, Cd. de Méx.",PBODF,4.0
-98.705556,22.795833,TAMPS,"Magiscatzín Dos, Tamps.",MGSTP,4.0
-100.950278,29.327778,COAH,"Ciudad Acuńa, Coah.",CDACL,4.0
-93.561111,16.695833,CHIS,"Las Flores, Chis.",LFLCP,4.0
-100.873611,19.829167,MICH,"Malpaís, Mich.",MLPMC,4.0
-92.633333,16.733333,CHIS,"Observatorio de San Cristóbal, Chis.",SCOCP,4.0
-97.814444,21.184444,VER,"El Moralillo, Ver.",PEMVC,4.0
-101.003056,18.418611,GRO,"La Calera, Gro.",LCLGR,4.0
-106.84,28.396667,CHIH,"Ciudad Cuauhtémoc, Chih. SMN*",CDCUAUHTEMOC,4.0
-98.940278,19.851389,HGO,"Manantial, Hgo.",PMTMX,4.0
-92.616667,16.741667,CHIS,"Puente Morelos, Chis.",SCRCP,3.9
-93.068056,16.716944,CHIS,"Tuxtla Gutiérrez Zoomat, Chis.",TXZCP,3.9
-99.220833,20.481944,HGO,"Ixmiquilpan, Hgo.",IXMHD,3.8
-101.992222,21.897778,AGS,"Los Conos, Ags.",CNSAG,3.8
-93.100556,16.941667,CHIS,"Manuel Moreno Torres, Chis.",CHICP,3.8
-99.239444,21.906944,SLP,"Gallinas, S.L.P.",GANSL,3.8
-93.125,16.975,CHIS,"Grijalva, Chis.",GRICP,3.8
-102.279167,22.147222,AGS,"Pabellón, Ags.",PBLAG,3.8
-99.220833,19.337778,DF,"Tanque el Lienzo, Cd. de Méx.",TELDF,3.8
-99.833333,25.174167,NL,"Montemorelos, N.L.",MTMNL,3.7
-99.055833,22.02,SLP,"Santa Rosa, S.L.P.",STRSL,3.7
-97.418056,19.45,PUE,"Alchichica, Pue.",ACHPB,3.6
-98.246944,19.324722,TLAX,"Observatorio de Tlaxcala, Tlax.",OBSTL,3.6
-92.239444,15.775,CHIS,"San Miguel, Chis.",SMICP,3.6
-99.32,22.523333,SLP,"Naranjos, S.L.P.",NRJSL,3.6
-103.45,21.066667,JAL,"Cuixtla, Jal.",CXTJL,3.6
-93.15,16.641944,CHIS,"Boquerón, Chis.",BOQCP,3.6
-93.466944,16.441389,CHIS,"Cristóbal Obregón, Chis. CFE*",COBREGONCFE,3.6
-99.348333,20.056944,HGO,"Tula Las Rosas, Hgo.",TLRHD,3.6
-99.154444,19.513056,DF,"Planta de Tratamiento Río Remedios, Cd. de Méx.",PRRDF,3.5
-96.412222,18.232222,OAX,"Presidente Alemán, Oax.",TEMOX,3.5
-98.176667,22.06,VER,"Pánuco, Ver.",PNCVC,3.5
-100.45,20.7,QRO,"Juriquilla, Qro.",JRQQT,3.5
-97.908056,19.200278,TLAX,"Zitlaltepec, Tlax.",ZITTL,3.5
-99.0425,19.616111,MEX,"Pozo Gran Canal, Méx. SEGIAGUA*",POZOGRANCANAL,3.5
-102.135,22.202778,AGS,"Puerto de la Concepción, Ags.",PTOAG,3.4
-96.554167,19.404167,VER,"Idolos, Ver.",IDOVC,3.4
-99.6975,24.783611,NL,"Crucitas, N.L.",CRUNL,3.4
-100.308333,25.576944,NL,"El Diente, N. L. SMN*",ELDIENTE,3.4
-99.170556,26.560278,TAMPS,"Internacional Falcón, Tamps.",FLCTP,3.3
-99.211667,19.510278,MEX,"Vaso de Cristo, Méx.",VDCDF,3.3
-99.151944,19.611667,MEX,"Nuevo túnel de Tequixquiac, Méx.",NTQMX,3.2
-99.283333,19.453611,MEX,"Presa Totolica, Méx.",PTLMX,3.2
-93.591111,16.152222,CHIS,"Sierra Morena, Chis. CFE*",SMORENACFE,3.2
-96.083333,18.166667,OAX,"Papaloapan, Oax.",PAPOX,3.1
-102.290556,21.850833,AGS,"Observatorio de Aguascalientes, Ags.",OBSAG,3.1
-97.815833,19.621667,PUE,"Ixtacamaxtitlán, Pue.",IXTPB,3.1
-102.309722,21.895,AGS,"Aguascalientes, Ags.",AGSAG,3.1
-101.019167,22.148056,SLP,"Observatorio de San Luis Potosí, S.L.P.",SLPSL,3.1
-99.578889,24.871944,NL,"Camacho, N.L.",CAMNL,3.1
-102.231944,20.491111,JAL,"Ing. Guillermo Lugo Sanabria, Jal.",POLJL,3.0
-99.479722,21.230278,QRO,"Jalpan, Qro.",JLPQT,3.0
-99.252222,19.635556,MEX,"Guadalupe, Méx.",GDLMX,3.0
-99.151944,19.300556,DF,"Estadio Azteca, Cd. de Méx.",EAZDF,3.0
-99.096389,19.316389,DF,"Organismo de Cuenca Aguas del Valle de Mécico Sur, Cd. de Méx.",OCSDF,3.0
-89.681111,20.649444,YUC,"Abalá, Yuc.",ABAYC,3.0
-102.464722,20.208333,MICH,"San Cristóbal, Mich.",SCRMC,3.0
-101.3,20.6,GTO,"Temascatío, Gto.",TEMGJ,3.0
-100.229167,20.000278,MICH,"Tepuxtepec, Mich.",TEPMC,3.0
-98.857222,21.246667,SLP,"Tierra Blanca, S.L.P.",TBLSL,3.0
-97.231944,18.922778,VER,"Loma Grande, Ver.",LGRVC,3.0
-100.556944,28.667778,COAH,"Río Escondido Villa de Fuentes, Coah. CILA*",RIOESCONDIDOC,3.0
-102.903611,21.711111,ZAC,"Los Moraleńos, Zac.",PMOZC,3.0
-98.829167,18.947222,MOR,"Achichipico, Mor.",ACHMR,3.0
-98.955278,18.850556,MOR,"Casasano, Mor.",CASMR,3.0
-99.159444,22.12,SLP,"Micos, S.L.P.",MICSL,2.9
-100.0925,21.298889,GTO,"Xichú, Gto.",XICGJ,2.9
-102.283056,20.3375,MICH,"Yurécuaro, Mich.",YURMC,2.9
-99.195833,26.023611,NL,"Los Aldamas, N.L.",ALDNL,2.9
-100.5825,20.553889,GTO,"Ameche, Gto.",AMCGJ,2.8
-92.828611,16.787778,CHIS,"El Burrero, Chis. SGT*",ELBURRERO,2.8
-99.909444,16.821944,GRO,"Acapulco, Gro. SEMAR*",ACAPULCOmar,2.8
-99.196389,19.403611,DF,"Observatorio de Tacubaya, Cd. de Méx. SMN*",TACUBAYAob,2.8
-99.2125,19.361944,DF,"Tarango, Cd. de Méx.",TRGDF,2.8
-99.293611,19.4575,MEX,"Presa Totolica, Méx. SEGIAGUA*",PRESATOTOLICA,2.8
-99.5,17.545278,GRO,"Chilpancingo, Gro.",CHIGR,2.7
-99.906667,16.849722,GRO,"Acapulco, Gro.",ACAGR,2.6
-99.995,21.931389,SLP,"Observatorio de Río Verde, S.L.P.",RVDSL,2.6
-98.243056,19.219444,TLAX,"Zacatelco, Tlax.",ZACTL,2.6
-99.831389,21.320833,GTO,"Sierra Gorda 2, Gto. SMN*",SGORDAII,2.6
-98.466111,19.728611,HGO,"ITESA Apan, Hgo. SMN*",ITESAAPAN,2.6
-99.631111,17.178611,GRO,"Agua Salada, Gro. CFE*",AGUASALADACFE,2.6
-102.896111,21.997222,ZAC,"El Chique, Zac.",CHIZC,2.5
-97.522778,25.833333,TAMPS,"Matamoros, Tamps.",MATTP,2.5
-99.148611,26.430556,TAMPS,"Mier, Tamps.",CMRTP,2.5
-98.108611,18.9125,PUE,"Manuel Avila Camacho, Pue.",BDDPB,2.5
-99.019167,24.208056,TAMPS,"Pilón, Tamps.",PILTP,2.5
-97.817778,25.966389,TAMPS,"Control, Tamps.",CONTP,2.5
-97.8,25.7,TAMPS,"Valle Hermoso, Tamps.",VHMTP,2.5
-99.123056,24.080556,TAMPS,"El Barretal Uno, Tamps.",BR1TP,2.5
-99.146111,21.8225,SLP,"Tanchachín, S.L.P.",TNCSL,2.5
-96.797778,19.674444,VER,"Tepetlán, Ver.",TEPVC,2.5
-100.021667,21.936111,SLP,"Ciudad Fernández, S.L.P. SMN*",CDFERNANDEZ,2.4
-102.371667,21.78,AGS,"El Niágara, Ags.",NGRAG,2.3
-100.953889,29.034167,COAH,"San Miguel, Coah.",SMGCL,2.3
-99.276944,25.711667,NL,"Cuchillo Solidaridad, N.L.",CCHNL,2.3
-99.334167,19.382222,MEX,"El Venado, Méx.",VNDMX,2.3
-99.191944,19.416389,DF,"Molino del Rey, Cd. de Méx SMN*",MDELREY,2.3
-98.903611,24.043889,TAMPS,"Padilla, Tamps.",PADTP,2.1
-102.133333,18.848611,MICH,"Los Panches, Mich.",LPNMC,2.1
-101.985556,22.264722,ZAC,"Loreto, Zac.",LORZC,2.1
-101.2,18.8,MICH,"Los Pinzanes, Mich.",LPZMC,2.1
-102.221944,18.883333,MICH,"Panches, Mich. CFE*",PANCHESCFE,2.1
-99.527222,25.497222,NL,"Las Enramadas, N.L.",LERNL,2.1
-86.807222,21.185556,QROO,"Puerto Juárez, Q. Roo. SEMAR*",PTOJUAREZmar,2.0
-100.669722,20.055278,GTO,"Solís, Gto.",SLSGJ,2.0
-99.220833,19.477778,MEX,"Molino Blanco, Méx.",MBLMX,2.0
-99.551944,24.567778,TAMPS,"Magueyes, Tamps.",MAGTP,2.0
-99.241667,19.054167,MOR,"Tres Marías, Mor.",TMAMR,2.0
-92.666667,15.916667,CHIS,"Reforma, Chis.",REFCP,2.0
-99.701111,17.672222,GRO,"Chichihualco, Gro.",CCHGR,2.0
-101.122778,27.846667,COAH,"Sabinas, Coah.",SBNCL,2.0
-99.911667,24.321944,NL,"La Ascensión, N.L.",ASCNL,2.0
-100.837222,28.344444,COAH,"Allende, Coah.",ADLCL,2.0
-99.010278,19.636944,MEX,"Planta Chiconautla 1, Méx.",PCTMX,2.0
-99.066667,19.377778,DF,"El Moral SACM, Cd. de Méx.",EMRDF,2.0
-105.280833,28.95,CHIH,"Presa el Granero, Chih. SGT*",PGRANERO,2.0
-99.488611,24.303889,TAMPS,"Villagrán, Tamps. SMN*",VILLAGRAN,2.0
-103.733333,19.233333,COL,"Observatorio de Colima, Col. SMN*",COLIMAob,2.0
-98.233333,19.316667,TLAX,"Observatorio de Tlaxcala, Tlax. SMN*",TLAXCALAob,2.0
-101.107778,21.324167,GTO,"La Quemada, Gto.",LQMGJ,2.0
-99.041667,19.593889,MEX,"Chiconautla 1, Méx. SEGIAGUA*",CHICONAUTLAI,2.0
-99.066667,19.377778,DF,"Lumbrera Cuatro Ríos (El Moral), Cd. de Méx.",LU4DF,2.0
-104.802222,21.839167,NAY,"Aguamilpa Solidaridad, Nay.",AGMNR,1.9
-98.773333,22.003611,SLP,"Observatorio de Tamuín, S.L.P.",TMISL,1.9
-96.901111,19.534722,VER,"Xalapa Dos de Abril, Ver.",XDAVC,1.9
-92.1,16.2,CHIS,"Observatorio de Comitán, Chis.",COOCP,1.8
-96.483333,15.666667,OAX,"Observatorio de Puerto Angel, Oax.",PTAOX,1.8
-102.371111,19.083056,MICH,"Apatzingán, Mich.",APTMC,1.8
-99.228611,19.436389,DF,"Tanque San Joaquín, Cd. de Méx.",TSJDF,1.8
-99.211667,19.399167,DF,"Triángulo, Cd. de Méx.",TNGDF,1.8
-99.025,19.65,MEX,"Planta Chiconautla 2, Méx.",PCCMX,1.8
-99.108333,19.515556,MEX,"Chiconautla 2, Méx. SEGIAGUA*",CHICONAUTLAII,1.8
-99.162778,19.378333,DF,"Del Valle, Cd. de Méx. SEGIAGUA*",DELVALLE,1.8
-99.197222,19.388611,DF,"Caja 6 IP San Antonio y Periferico, Cd. de Méx. SEGIAGUA*",CAJA6IPSAYP,1.8
-99.215,24.1025,TAMPS,"El Barretal, Tamps.",BRRTP,1.6
-100.878333,21.105,GTO,"Peńuelitas, Gto.",PNLGJ,1.6
-103.459167,21.811389,ZAC,"Atolinga, Zac.",ATGZC,1.6
-103.651111,20.466944,JAL,"Hurtado, Jal.",HRTJL,1.5
-98.901389,18.900556,MOR,"Oaxtepec, Mor.",OAXMR,1.5
-98.231111,19.010556,PUE,"Mayorazgo 21 Poniente, Pue.",MAYPB,1.5
-102.766667,20.298056,JAL,"El Fuerte, Jal.",FTEJL,1.5
-98.858611,19.644722,MEX,"San Lucas, Méx.",SNLMX,1.4
-99.5,17.6,GRO,"Observatorio de Zumpango, Gro.",ODZGR,1.4
-99.166667,23.716667,TAMPS,"Observatorio de Ciudad Victoria, Tamps.",CVCTP,1.4
-99.078611,23.384444,TAMPS,"La Encantada, Tamps.",ENNTP,1.4
-98.159167,24.841944,TAMPS,"San Fernando, Tamps.",FDOTP,1.3
-98.935833,23.939167,TAMPS,"Corona, Tamps.",CORTP,1.3
-92.135556,16.224444,CHIS,"Cred Comitan, Chis. PC*",CREDCOMITAN,1.3
-99.799722,16.8,GRO,"Observatorio de Acapulco, Gro.",ODAGR,1.3
-99.177222,19.328889,DF,"Pozo Ciudad Universitaria, Cd. de Méx. SEGIAGUA*",POZOCU,1.3
-99.234722,19.475833,MEX,"P.B. Río Hondo, Méx. SEGIAGUA*",PBRIOHONDO,1.3
-97.934167,19.0625,PUE,"Acajete, Pue.",ACJPB,1.2
-99.268056,19.524444,MEX,"Presa Madín, Méx. SMN*",PREMX,1.2
-99.591667,17.938889,GRO,"Puente Mezcal, Gro. CFE*",PUENTEMEZCALCFE,1.2
-100.240833,19.176111,MEX,"Ixtapantongo, Méx. CFE*",IXTAPANTONGOCFE,1.2
-108.480833,25.806667,SIN,"Estación Naranjo, Sin.",ENASI,1.2
-98.7875,23.085556,TAMPS,"San Gabriel, Tamps.",SGBTP,1.1
-100.372222,27.429167,NL,"Salinillas, N.L.",PSANL,1.0
-100.616111,27.515,COAH,"Venustiano Carranza, Coah.",VCRCL,1.0
-99.329444,20.359722,HGO,"Javier Rojo Gómez, Hgo.",PRGHD,1.0
-99.375833,20.435556,HGO,"Vicente Aguirre, Hgo.",PVAHD,1.0
-100.95,29.213611,COAH,"El Centenario, Coah.",CNTCL,1.0
-102.436944,21.599444,JAL,"Ajojucar, Jal.",AJJJL,1.0
-99.516944,17.576389,GRO,"Observatorio de Chilpancingo Aeropuerto, Gro.",AERGR,1.0
-99.2,19.413056,DF,"Planta Chapultepec, Cd. de Méx.",PCHDF,1.0
-99.17,19.4,DF,"Radio Comunicación, Cd. de Méx.",RCMDF,1.0
-99.016667,21.983333,SLP,"Ciudad Valles, S.L.P.",CDVSL,1.0
-98.466389,18.610833,PUE,"Izúcar de Matamoros, Pue.",IZMPB,1.0
-99.45,17.483333,GRO,"Petaquillas, Gro.",PETGR,1.0
-99.196111,19.406389,DF,"Observatorio de Tacubaya, Cd. de Méx.",CTMDF,1.0
-102.7825,20.341389,JAL,"Cuitzeo, Jal.",CUIJL,1.0
-92.666667,15.316667,CHIS,"Escuintla, Chis.",ESCCP,1.0
-92.725,15.866667,CHIS,"Jaltenango, Chis.",JAPCP,1.0
-101.216667,21.483333,GTO,"San Felipe, Gto.",SFEGJ,1.0
-89.8925,18.365,CAMP,"Calakmul, Camp. SMN*",CALAKMUL,1.0
-92.476111,15.346667,CHIS,"Finca la Paz, Chis.",FPZCP,1.0
-99.456111,18.756111,MOR,"Cocoyotla, Mor.",COCMR,1.0
-93.1,16.761944,CHIS,"Tuxtla Oriente, Chis.",TUXCP,0.9
-96.583333,19.495278,VER,"Actopan, Ver. SGT*",ACTOPANVER,0.9
-98.22,19.113056,PUE,"San Cristóbal Caleras, Pue.",SCRPB,0.8
-99.143056,19.331944,DF,"Planta de bombeo Xotepingo, Cd. de Méx.",PXTDF,0.8
-99.170556,19.435556,DF,"Planta de bombeo Tizoc, Cd. de Méx.",PBTDF,0.8
-98.189444,26.016389,TAMPS,"CRAE Reynosa, Tamps. SGT*",CRAEREYNOSA,0.8
-99.605278,18.554444,GRO,"Taxco, Gro.",TAXGR,0.7
-103.705556,20.908889,JAL,"Manuel M. Diéguez, Jal.",SRSJL,0.6
-98.420833,18.921111,PUE,"Atlixco, Pue.",ATXPB,0.6
-97.536667,17.726111,OAX,"Santiago Teotongo, Oax.",STTOX,0.6
-106.536944,21.629722,NAY,"Islas Marías, Nay. SEMAR*",ISLASMARIASmar,0.5
-112.272778,27.337778,BCS,"Observatorio de Santa Rosalía, B.C.S.",SRLBS,0.5
-100.664444,18.359444,GRO,"Ciudad Altamirano, Gro.",CALGR,0.5
-99.1875,23.730278,TAMPS,"Ciudad Victoria, Tamps.",CVTTP,0.5
-99.298611,19.406667,MEX,"Caída del Borracho, Méx.",CDBMX,0.5
-99.093056,23.031389,TAMPS,"Sabinas, Tamps.",SBNTP,0.5
-99.126389,19.365278,DF,"Planta de bombeo Municipio Libre, Cd. de Méx.",PMLDF,0.5
-98.869444,22.784444,TAMPS,"Saca de Agua, Tamps.",SDATP,0.5
-99.163889,19.468889,DF,"Planta de bombeo Nueva Santa María, Cd. de Méx.",PSNDF,0.5
-99.026111,22.843056,TAMPS,"Río Frío, Tamps.",RFRTP,0.5
-99.816667,24.1,NL,"Aramberri, N.L.",ARRNL,0.5
-100.658333,18.350556,GRO,"Ciudad Altamirano, Gro. SMN*",CA2GR,0.5
-98.928056,18.948889,MOR,"Atlatlahucan, Mor.",ATLMR,0.5
-115.27,32.39,BC,"Mexicali, B.C.",MXCBN,0.4
-97.7525,18.878889,PUE,"Tecamachalco, Pue.",TECPB,0.4
-101.661111,19.926111,MICH,"Aristeo Mercado, Mich.",AMEMC,0.4
-101.616944,19.542778,MICH,"Pátzcuaro, Mich.",PTZMC,0.4
-99.145556,22.986944,TAMPS,"Ahualulco, Tamps.",AHLTP,0.4
-98.586389,25.1175,TAMPS,"Mendez, Tamps.",MENTP,0.4
-101.474722,21.068056,GTO,"Comanjilla, Gto.",COMGJ,0.4
-100.478611,18.171944,GRO,"San Cristóbal, Gro. CFE*",SCRISTOBALCFE,0.4
-93.034167,16.742778,CHIS,"Cańón del Sumidero, Chis. CFE*",SUMIDEROCFE,0.4
-98.655278,19.118611,MEX,"Altzomoni, Méx. SMN*",ALTZOMONI,0.4
-99.120556,22.852778,TAMPS,"La Servilleta, Tamps.",LSRTP,0.3
-98.135833,18.9425,PUE,"Africam, Pue.",AFRPB,0.3
-97.958333,18.968889,PUE,"Cemex, Pue.",CEMPB,0.3
-92.925278,16.108333,CHIS,"El Dorado, Chis. CFE*",DORADOCFE,0.3
-104.105833,21.196944,JAL,"Ing. Alfredo Elías Ayub, Jal.",PLYJL,0.3
-97.844167,22.283889,TAMPS,"Madero, Tamps.",MDRTP,0.3
-99.208333,19.155556,DF,"Caseta Forestal, Cd. de Méx.",CFSDF,0.3
-99.097222,19.455833,DF,"Planta Generadora 101, Cd. de Méx.",PGNDF,0.3
-99.131389,19.431111,DF,"Gobierno de la Ciudad de México, Cd. de Méx.",DDFDF,0.3
-99.068333,19.420278,DF,"Planta de bombeo López Mateos, Cd. de Méx.",PLMDF,0.3
-99.119444,19.486667,DF,"Planta de bombeo Lindavista, Cd. de Méx.",PBLDF,0.3
-99.084722,19.440833,DF,"Tanque Peńón, Cd. de Méx.",TPNDF,0.3
-99.171667,19.453333,DF,"Escuela Nacional de Ciencias Biológicas IPN, Cd. de Méx. SMN*",CBIDF,0.3
-98.885,19.485833,MEX,"Chapingo, Méx. SEGIAGUA*",CHAPINGODF,0.3
-99.077778,19.4775,DF,"San Juan de Aragón CRAE OCAVM, Cd. de Méx. SEGIAGUA*",CRAEOCAVM,0.3
-92.898611,15.996389,CHIS,"Juan Sabines, Chis.",JSBCP,0.2
-93.384444,16.0675,CHIS,"Monterrey, Chis. CFE*",MONTERREYCFE,0.2
-98.742778,23.725556,TAMPS,"Paso de Molina, Tamps. SGT*",PASOMOLINA,0.2
-98.666389,23.959444,TAMPS,"Vicente Guerrero, Tamps.",VGRTP,0.1
-93.079167,16.158333,CHIS,"Revolución Mexicana, Chis.",REVCP,0.1
-101.883333,18.266667,MICH,"Infiernillo, Mich.",INFMC,0.1
-105.218333,20.593333,JAL,"Cuale, Jal.",CULJL,0.1
-102.180278,18.048333,MICH,"José María Morelos y Pavón, Mich.",VILMC,0.1
-99.091667,19.478056,DF,"km 6+250, Cd. de Méx.",GCNDF,0.1
-98.8,18.7,MOR,"Jonacatepec, Mor.",JNCMR,0.1
-94.816667,16.583333,OAX,"Chicapa, Oax.",CHIOX,0.1
-96.374444,19.364722,VER,"Cardel, Ver.",CRDVC,0.1
-99.181944,19.743056,MEX,"Puente Colgante, Méx.",PCGMX,0.0
-99.1375,19.516667,DF,"Campamento Amealco, Cd. de Méx.",CEADF,0.0
-96.333333,19.15,VER,"Manlio Fabio Altamirano, Ver.",MFAVC,0.0
-98.912222,19.543611,MEX,"Atenco, Méx.",ATEMX,0.0
-99.221667,24.992778,NL,"La Pamona, N.L.",PAMNL,0.0
-99.219167,18.908889,MOR,"Observatorio de Cuernavaca, Mor.",OBSMR,0.0
-95.1,16.583333,OAX,"Ixtepec, Oax.",IXTOX,0.0
-99.066667,19.466667,DF,"San Juan de Aragón, Cd. de Méx.",SJADF,0.0
-103.396667,18.967222,JAL,"Solidaridad, Jal.",TRJCM,0.0
-99.025,18.441389,MOR,"Huautla, Mor.",HUTMR,0.0
-98.75,18.813333,MOR,"Tlacotepec, Mor.",TLOMR,0.0
-99.420833,18.990833,MEX,"Ocuilán de Arteaga, Méx",OCUMX,0.0
-92.260556,14.908056,CHIS,"Tapachula, Chis.",TAPCP,0.0
-99.050556,18.899167,MOR,"Yautepec, Mor.",YAHMR,0.0
-103.867778,18.911667,COL,"Tecomán, Col.",TCMCM,0.0
-98.925556,26.204722,TAMPS,"Marte Rodolfo Gómez, Tamps.",MRGTP,0.0
-105.628889,28.166111,CHIH,"Las Vírgenes, Chih.",FIMCH,0.0
-100.762222,21.849722,SLP,"Ojo Caliente, S.L.P.",OCTSL,0.0
-99.2,18.9,MOR,"Cuernavaca, Mor.",CUEMR,0.0
-104.566667,19.233333,JAL,"Cihuatlán, Jal.",CIHJL,0.0
-99.233611,26.408889,TAMPS,"Derivadora Las Blancas, Tamps.",LBLTP,0.0
-100.820556,21.88,SLP,"Valentín Gama, S.L.P.",IVGSL,0.0
-98.943611,19.038056,MOR,"Tlacualera, Mor.",TLCMR,0.0
-99.306111,18.487778,MOR,"Tilzapotla, Mor.",TILMR,0.0
-99.104722,18.106944,GRO,"Atenango del Río, Gro. CFE*",ATENANGOCFE,0.0
-99.516944,17.920833,GRO,"San Juan Tetelcingo, Gro. CFE*",SJTETELCINGOCFE,0.0
-99.273611,18.503889,MOR,"Emiliano Zapata, Mor.",EZPMR,0.0
-98.916111,26.242222,TAMPS,"Marte R. Gómez, Tamps.",MGOTP,0.0
-97.492222,17.513333,OAX,"Teposcolula, Oax.",TEPOX,0.0
-96.544722,15.739167,OAX,"Tonameca, Oax.",TNMOX,0.0
-98.5975,26.238056,TAMPS,"S J 2 18 Ciudad Díaz Ordaz, Tamps.",CDOTP,0.0
-99.156944,18.771111,MOR,"Progreso, Mor.",PROMR,0.0
-98.735,17.777222,GRO,"Olinalá, Gro.",OLNGR,0.0
-98.275556,18.966111,PUE,"Echeverría, Pue.",ECHPB,0.0
-94.216111,16.4025,OAX,"Zanatepec, Oax.",ZANOX,0.0
-95.6,16.416667,OAX,"Tequisistlán, Oax.",TEQOX,0.0
-92.778889,16.401389,CHIS,"Doctor Belisario Domínguez, Chis.",ANGCP,0.0
-98.911111,19.530556,MEX,"San Andrés, Méx.",SADMX,0.0
-97.441667,18.987222,PUE,"Ciudad Serdán, Pue.",CDSPB,0.0
-99.1125,19.407778,DF,"Ciudad Deportiva, Cd. de Méx.",CDVDF,0.0
-98.6,17.5,GRO,"Tlapa, Gro.",TLPGR,0.0
-99.526389,17.1675,GRO,"Tierra Colorada, Gro.",TCOGR,0.0
-99.55,18.349722,GRO,"Iguala, Gro.",IGLGR,0.0
-99.190556,18.918333,MOR,"Solidaridad, Mor.",SLDMR,0.0
-98.781667,18.936667,MOR,"Huecahuaxco, Mor.",HUXMR,0.0
-99.400833,18.459444,GRO,"Buena Vista, Gro.",BVSGR,0.0
-98.264722,18.2,PUE,"Piaxtla, Pue.",PIXPB,0.0
-104.320278,20.036111,JAL,"Tacotán, Jal.",TCTJL,0.0
-99.072778,18.971389,MOR,"Tepoztlán, Mor.",TPZMR,0.0
-99.332778,18.3025,GRO,"Huitzuco, Gro.",HTZGR,0.0
-93.529167,15.875,CHIS,"Tres Picos, Chis.",TPICP,0.0
-92.402778,14.997222,CHIS,"Huehuetán, Chis.",HUECP,0.0
-99.976389,17.789722,GRO,"Tlacotepec, Gro.",TLAGR,0.0
-101.116667,29.15,COAH,"Cabeceras, Coah.",CBRCL,0.0
-98.791389,22.943889,TAMPS,"Lic. Emilio Portes Gil, Tamps.",SLZTP,0.0
-102.774167,19.287778,JAL,"Constitución de Apatzingán, Jal.",CHLMC,0.0
-95.929167,16.647222,OAX,"Boquilla 1, Oax.",BOQOX,0.0
-114.729444,32.703889,BC,"Presa derivadora Morelos, B.C.",PDMBN,0.0
-99.057778,19.433333,DF,"Planta de bombeo Churubusco Lago, Cd. de Méx.",PBCDF,0.0
-98.540278,18.772222,PUE,"Huaquechula, Pue.",HQCPB,0.0
-99.190278,18.528889,MOR,"Xicatlacotla, Mor.",XICMR,0.0
-102.464167,22.188611,AGS,"Cincuenta Aniversario, Ags.",ANVAG,0.0
-102.676944,21.9975,AGS,"La Codorniz, Ags.",CDRAG,0.0
-97.826111,17.724444,OAX,"Yosocuta, Oax.",YOSOX,0.0
-94.833333,16.45,OAX,"Unión Hidalgo, Oax.",UHGOX,0.0
-97.776111,17.806667,OAX,"Huajuapan de León, Oax.",HDLOX,0.0
-92.883333,15.45,CHIS,"Mapastepec, Chis.",MAPCP,0.0
-98.691667,22.605,TAMPS,"Estudiante Ramiro Caballero Dorantes, Tamps.",ERCTP,0.0
-98.579167,18.516111,PUE,"Chietla, Pue.",CHIPB,0.0
-100.472778,17.139444,GRO,"San Jerónimo, Gro.",SJEGR,0.0
-98.488333,17.903889,GRO,"Xochihuehuetlán, Gro.",XXHGR,0.0
-99.235,16.76,GRO,"Las Vigas, Gro.",LDGGR,0.0
-98.883333,26.166667,TAMPS,"S J 2 9 Reynosa, Tamps.",RYNTP,0.0
-99.1375,19.469722,DF,"Avenida Cien Metros, Cd. de Méx.",CMTDF,0.0
-92.731389,15.365556,CHIS,"Cacaluta, Chis.",CACCP,0.0
-99.424167,18.608333,MOR,"Huajintlán, Mor.",HUAMR,0.0
-102.865556,19.210833,MICH,"Los Olivos, Mich.",LOLMC,0.0
-99.223611,18.856944,MOR,"Temixco, Mor.",TEMMR,0.0
-99.331389,18.765278,MOR,"El Rodeo, Mor.",RODMR,0.0
-92.804167,16.552778,CHIS,"Acala, Chis.",ACACP,0.0
-95.700556,16.010833,OAX,"Astata, Oax.",ASTOX,0.0
-99.175833,17.608611,GRO,"Chilapa, Gro.",CHLGR,0.0
-99.100278,19.379167,DF,"Planta de bombeo Aculco, Cd. de Méx.",PBADF,0.0
-98.917222,19.578889,MEX,"La Grande, Méx.",GRDMX,0.0
-92.479167,16.308333,CHIS,"Cascajal, Chis.",CASCP,0.0
-94.4,16.5,OAX,"Ostuta, Oax.",OSTOX,0.0
-93.056389,16.4525,CHIS,"Santo Domingo, Chis.",SDOCP,0.0
-98.285833,26.079722,TAMPS,"S J 3 42 Reynosa, Tamps.",RYATP,0.0
-96.733333,17.066667,OAX,"Oaxaca Centro, Oax.",OACOX,0.0
-95.2,16.3,OAX,"Tehuantepec, Oax.",TEHOX,0.0
-109.708333,23.118889,BCS,"San José del Cabo, B.C.S.",SJCBS,0.0
-97.395556,18.479167,PUE,"Tehuacán, Pue.",TEHPB,0.0
-98,25.966667,TAMPS,"Río Bravo, Tamps.",RIBTP,0.0
-92.95,15.495833,CHIS,"El Novillero, Chis.",ELNCP,0.0
-99.283056,19.4525,MEX,"Totolica hidrométrica, Méx.",TTLMX,0.0
-95.3,16.4,OAX,"Las Pilas, Oax.",LPIOX,0.0
-99.4,18.7,MOR,"Miacatlán, Mor.",MIAMR,0.0
-99.09,19.484167,DF,"Coyol, Cd. de Méx.",CYLDF,0.0
-97.776111,17.806667,OAX,"Observatorio de Huajuapan de León, Oax.",HLOOX,0.0
-115.15,32.411111,BC,"Observatorio de Ejido Nuevo León, B.C.",ENLBN,0.0
-98.456111,19.101111,PUE,"Huejotzingo, Pue.",HJTPB,0.0
-95.2,16.6,OAX,"km 33+190, Oax.",KM1OX,0.0
-96.613889,19.022222,VER,"Villa Tejeda, Ver.",VTEVC,0.0
-99.466111,18.295833,GRO,"Valerio Trujano, Gro.",VTRGR,0.0
-99.040833,26.374167,TAMPS,"S J 1 2 Miguel Alemán, Tamps.",MGATP,0.0
-93.216667,15.691667,CHIS,"Pijijiapan, Chis.",PIJCP,0.0
-98.745833,23.726667,TAMPS,"Paso de Molina, Tamps.",PDMTP,0.0
-99.516667,17.233333,GRO,"El Ocotito, Gro.",EOCGR,0.0
-98.948889,18.808611,MOR,"Cuautla, Mor.",CUAMR,0.0
-98.8,26.25,TAMPS,"S J 2 11 Camargo, Tamps.",CMGTP,0.0
-95.397778,16.445556,OAX,"Presidente Benito Juárez, Oax.",JDMOX,0.0
-95.716667,16.416667,OAX,"km 51+740, Oax.",KM2OX,0.0
-96.7,17.001389,OAX,"Observatorio de Aeropuerto Oaxaca, Oax.",OAOOX,0.0
-98.884722,19.483333,MEX,"Chapingo, Méx.",CHPMX,0.0
-102.705,21.037222,JAL,"El Salto, Jal.",ESLJL,0.0
-114.85,31.033333,BC,"Observatorio de San Felipe, B.C.",SFLBN,0.0
-99.2,18.6,MOR,"Jojutla, Mor.",JOJMR,0.0
-96.647222,19.320278,VER,"Carrizal, Ver.",CRRVC,0.0
-99.031389,18.923333,MOR,"Oacalco, Mor.",OACMR,0.0
-99.995556,17.947778,GRO,"Ing. Carlos Ramírez Ulloa, Gro.",ECAGR,0.0
-99.1,16.949444,GRO,"Ayutla, Gro.",AYUGR,0.0
-97.91,18.735,PUE,"San Miguel Canoa, Pue.",SMCPB,0.0
-99.133889,19.403333,DF,"Marcos Carrillo, Cd. de Méx.",MCRDF,0.0
-99.158611,18.883611,MOR,"Instituto Mexicano de Tecnología del Agua, Mor. SMN*",IMTMR,0.0
-99.098889,19.385556,DF,"Tezontle, Cd. de Méx. SMN*",TEZDF,0.0
-98.843611,18.596389,MOR,"Tepalcingo, Mor.",TPLMR,0.0
-99.482778,16.796389,GRO,"San Marcos, Gro.",SNMGR,0.0
-99.661944,18.245278,GRO,"Cocula, Gro.",COCGR,0.0
-98.055,18.277222,PUE,"Acatlán de Osorio, Pue.",ADOPB,0.0
-100.665833,23.6475,SLP,"Matehuala, S.L.P. SMN*",MA2SL,0.0
-98.983056,22.744444,TAMPS,"Ciudad Mante, Tamps. SMN*",CIUDADMANTE,0.0
-96.488889,19.338889,VER,"Tamarindo, Ver.",TAMVC,0.0
-97.249167,17.436667,OAX,"Nochixtlán, Oax. SMN*",NOCHISTLAN,0.0
-99.524167,18.360278,GRO,"Iguala, Gro. SMN*",IGUALA,0.0
-99.078889,18.950833,MOR,"Tepoztlán, Mor. SMN*",TEPOZTLAN,0.0
-95.374444,16.434722,OAX,"El Marqués, Oax.",EMAOX,0.0
-104.450833,21.428333,NAY,"Leonardo Rodríguez Alcaine, Nay.",CJNNR,0.0
-99.238333,19.453611,MEX,"El Molinito Río Hondo, Méx.",EMOMX,0.0
-93.906111,16.2425,CHIS,"Cred Arriaga, Chis. PC*",CREDARRIAGA,0.0
-100.240278,25.856944,NL,"Radiosondeo, Monterrey N.L. SGT*",RADIOSONDEOMTY,0.0
-92.325278,15.173889,CHIS,"Finca Hamburgo, Chis.",FHACP,0.0
-102.806389,21.133333,JAL,"Zapotillo, Jal.",ZPOJL,0.0
-97.653333,18.250833,OAX,"San Sebastian Frontera, Oax.",SSFOX,0.0
-99.1,18.691667,MOR,"Temilpa, Mor.",TMPMR,0.0
-99.3875,18.731389,MOR,"Vista Alegre, Mor.",VIAMR,0.0
-98.83,18.638333,MOR,"Tepalcingo Bachillerato, Mor.",TEBMR,0.0
-98.954167,18.828611,MOR,"Cuautla SMN, Mor.",CUSMR,0.0
-99.180278,18.573889,MOR,"Higuerón, Mor.",HIGMR,0.0
-98.164722,18.612778,PUE,"Coatzingo, Pue.",COAPB,0.0
-98.777222,18.451944,PUE,"Teotlalco, Pue.",TELPB,0.0
-102.205833,18.023056,MICH,"Melchor Ocampo L.C., Mich.",MLCMC,0.0
-99.004722,18.727222,MOR,"Moyotepec, Mor.",MYOMR,0.0
-95.226667,16.161944,OAX,"Observatorio de Salina Cruz, Oax. SMN*",SALINACRUZob,0.0
-100.018056,16.958333,GRO,"Laguna de Coyuca, Gro.",LDCGR,0.0
-99.369167,17.471111,GRO,"Mochitlán, Gro.",MCHGR,0.0
-92.2675,15.333333,CHIS,"Motozintla, Chis. SGT*",MOTOZINTLA,0.0
-99.433333,18.8675,MOR,"Palpan, Mor.",PAPMR,0.0
-100.745833,20.577778,GTO,"San Miguel Octopan, Gto.",SMOGJ,0.0
-98.72,18.039722,PUE,"Ixcamilpa, Pue. CFE*",IXCAMILPACFE,0.0
-98.888333,18.020833,GRO,"Papalutla, Gro. CFE*",PAPALUTLACFE,0.0
-99.5,17.55,GRO,"Observatorio de Chilpancingo, Gro. SMN*",CHILPANCINGOob,0.0
-96.411111,19.261389,VER,"Loma Fina, Ver.",LOFVC,0.0
-99.047222,19.442222,DF,"Planta de bombeo Churubusco Lago, Cd. de Méx. SEGIAGUA*",CHAPLAGO,0.0
-97.920833,18.854167,PUE,"Ahuatepec, Pue.",AHAPB,0.0
-98.758611,18.8825,MOR,"Ocuituco, Mor.",OCTMR,0.0
-99.322778,18.633333,MOR,"Puente de Ixtla, Mor.",PIXMR,0.0
-96.74,17.164167,OAX,"Benito Juárez, Oax. SMN*",BJUAREZ,0.0
-91.229167,17.289722,TAB,"Cańón Usumacinta, Tab. SMN*",CUSUMACINTA,0.0
-99.169167,21.499167,QRO,"Sierra Gorda 1, Qro. SMN*",SGORDAI,0.0
-109.424444,23.445278,BCS,"Cabo Pulmo, B.C.S. SMN*",CPULMO,0.0
-99.4675,18.795833,MEX,"Colonia Hidalgo, Méx.",CHDMX,0.0
-100.377222,21.352778,GTO,"Paso de Vaqueros, Gto.",VAQGJ,0.0
-99.440556,18.861389,MEX,"Alameda 1, Méx. FENIX*",ALAMEDA1,0.0
-99.551111,24.566667,TAMPS,"Victoria San Marcos, Tamps.",VSMTP,0.0
-98.873056,19.284722,MEX,"San Luis Chalco, Méx. SEGIAGUA*",SLCHALCO,0.0
-92.938056,15.881944,CHIS,"Finca Cuxtepeques hidrométrica, Chis. SGT*",CUXTEPEQUESHM,0.0
-98.710278,18.876389,MOR,"Tetela del Volcán, Mor.",TETMR,0.0
-99.250278,18.611111,MOR,"Tequesquitengo, Mor.",TQGMR,0.0
-98.513333,17.6225,GRO,"Ixcateopan de Tlapa, Gro.",IXTGR,0.0
-98.285,19.016667,PUE,"Acatepec, Pue.",ACAPB,0.0
-97.430556,18.468889,PUE,"Teopilco, Pue.",TETPB,0.0
-102.785,24.563056,DGO,"El Tigre, Dgo.",TGRDR,0.0
-99.042778,18.580278,MOR,"San Pablo Hidalgo, Mor.",SPHMR,0.0
-95.481389,16.585278,OAX,"Río Hondo, Oax.",RHOOX,0.0
-97.819167,17.746389,OAX,"San Francisco Yosocuta, Oax.",FOYOX,0.0
-97.720556,17.533611,OAX,"San Antonino Monte Verde, Oax.",AMTOX,0.0
-98.1425,17.501389,OAX,"Silacayoápam, Oax.",SLAOX,0.0
-97.808333,17.654444,OAX,"Heroica Villa Tezoatlán de Segura y Luna, Oax.",TSLOX,0.0
-98.389444,17.755278,OAX,"Zapotitlán Lagunas, Oax.",ZALOX,0.0
-98.278333,17.532778,OAX,"Calihualá, Oax.",CALOX,0.0
-97.818056,17.889722,OAX,"Zapotitlán Palmas, Oax.",ZAPOX,0.0
-97.680278,17.267222,OAX,"Heroica Ciudad de Tlaxiaco, Oax.",TLXOX,0.0
-97.680278,18.188611,OAX,"Santiago Chazumba, Oax.",SNCOX,0.0
-97.023056,17.459167,OAX,"Santiago Camotlán, Oax.",CMTOX,0.0
-95.165,16.283056,OAX,"San Blas Atempa, Oax.",SBLOX,0.0
-99.463611,18.68,MOR,"Apacingo, Mor.",APAMR,0.0
-96.716667,17.072778,OAX,"Organismo de Cuenca Pacífico Sur PIAE, Oax.",PIAOX,0.0
-99.589722,17.157778,GRO,"El Puente, Gro. CFE*",ELPUENTECFE,0.0
-98.858333,18.891667,MOR,"Yecapixtla ETA 118, Mor.",YEEMR,0.0
-98.282222,17.846111,OAX,"San Juan Cieneguillas, Oax.",SJCOX,0.0
-96.721944,15.812222,OAX,"San Francisco Cozoaltepec, Oax.",COZOX,0.0
-95.869722,17.024722,OAX,"Huayapam, Oax.",HUYOX,0.0
-99.196667,18.651389,MOR,"Zacatepec, Mor.",ZCTMR,0.0
-95.2,16.183333,OAX,"Observatorio de Salina Cruz, Oax.",SCROX,0.0
-93.8975,16.241111,CHIS,"Observatorio de Arriaga, Chis.",AROCP,0.0
-100.668611,18.357778,GRO,"Ciudad Altamirano, Gro. CFE*",ALTAMIRANOCFE,0.0
-95.033333,16.433333,OAX,"Juchitán, Oax.",JUCOX,0.0
